id,seq
hsa-let-7a-1,UGGGAUGAGGUAGUAGGUUGUAUAGUUUUAGGGUCACACCCACCACUGGGAGAUAACUAUACAAUCUACUGUCUUUCCUA
hsa-let-7a-2,AGGUUGAGGUAGUAGGUUGUAUAGUUUAGAAUUACAUCAAGGGAGAUAACUGUACAGCCUCCUAGCUUUCCU
hsa-let-7a-3,GGGUGAGGUAGUAGGUUGUAUAGUUUGGGGCUCUGCCCUGCUAUGGGAUAACUAUACAAUCUACUGUCUUUCCU
hsa-let-7b,CGGGGUGAGGUAGUAGGUUGUGUGGUUUCAGGGCAGUGAUGUUGCCCCUCGGAAGAUAACUAUACAACCUACUGCCUUCCCUG
hsa-let-7c,GCAUCCGGGUUGAGGUAGUAGGUUGUAUGGUUUAGAGUUACACCCUGGGAGUUAACUGUACAACCUUCUAGCUUUCCUUGGAGC
hsa-let-7d,CCUAGGAAGAGGUAGUAGGUUGCAUAGUUUUAGGGCAGGGAUUUUGCCCACAAGGAGGUAACUAUACGACCUGCUGCCUUUCUUAGG
hsa-let-7e,CCCGGGCUGAGGUAGGAGGUUGUAUAGUUGAGGAGGACACCCAAGGAGAUCACUAUACGGCCUCCUAGCUUUCCCCAGG
hsa-let-7f-1,UCAGAGUGAGGUAGUAGAUUGUAUAGUUGUGGGGUAGUGAUUUUACCCUGUUCAGGAGAUAACUAUACAAUCUAUUGCCUUCCCUGA
hsa-let-7f-2,UGUGGGAUGAGGUAGUAGAUUGUAUAGUUUUAGGGUCAUACCCCAUCUUGGAGAUAACUAUACAGUCUACUGUCUUUCCCACG
hsa-mir-15a,CCUUGGAGUAAAGUAGCAGCACAUAAUGGUUUGUGGAUUUUGAAAAGGUGCAGGCCAUAUUGUGCUGCCUCAAAAAUACAAGG
hsa-mir-16-1,GUCAGCAGUGCCUUAGCAGCACGUAAAUAUUGGCGUUAAGAUUCUAAAAUUAUCUCCAGUAUUAACUGUGCUGCUGAAGUAAGGUUGAC
hsa-mir-17,GUCAGAAUAAUGUCAAAGUGCUUACAGUGCAGGUAGUGAUAUGUGCAUCUACUGCAGUGAAGGCACUUGUAGCAUUAUGGUGAC
hsa-mir-18a,UGUUCUAAGGUGCAUCUAGUGCAGAUAGUGAAGUAGAUUAGCAUCUACUGCCCUAAGUGCUCCUUCUGGCA
hsa-mir-19a,GCAGUCCUCUGUUAGUUUUGCAUAGUUGCACUACAAGAAGAAUGUAGUUGUGCAAAUCUAUGCAAAACUGAUGGUGGCCUGC
hsa-mir-19b-1,CACUGUUCUAUGGUUAGUUUUGCAGGUUUGCAUCCAGCUGUGUGAUAUUCUGCUGUGCAAAUCCAUGCAAAACUGACUGUGGUAGUG
hsa-mir-19b-2,ACAUUGCUACUUACAAUUAGUUUUGCAGGUUUGCAUUUCAGCGUAUAUAUGUAUAUGUGGCUGUGCAAAUCCAUGCAAAACUGAUUGUGAUAAUGU
hsa-mir-20a,GUAGCACUAAAGUGCUUAUAGUGCAGGUAGUGUUUAGUUAUCUACUGCAUUAUGAGCACUUAAAGUACUGC
hsa-mir-21,UGUCGGGUAGCUUAUCAGACUGAUGUUGACUGUUGAAUCUCAUGGCAACACCAGUCGAUGGGCUGUCUGACA
hsa-mir-22,GGCUGAGCCGCAGUAGUUCUUCAGUGGCAAGCUUUAUGUCCUGACCCAGCUAAAGCUGCCAGUUGAAGAACUGUUGCCCUCUGCC
hsa-mir-23a,GGCCGGCUGGGGUUCCUGGGGAUGGGAUUUGCUUCCUGUCACAAAUCACAUUGCCAGGGAUUUCCAACCGACC
hsa-mir-24-1,CUCCGGUGCCUACUGAGCUGAUAUCAGUUCUCAUUUUACACACUGGCUCAGUUCAGCAGGAACAGGAG
hsa-mir-24-2,CUCUGCCUCCCGUGCCUACUGAGCUGAAACACAGUUGGUUUGUGUACACUGGCUCAGUUCAGCAGGAACAGGG
hsa-mir-25,GGCCAGUGUUGAGAGGCGGAGACUUGGGCAAUUGCUGGACGCUGCCCUGGGCAUUGCACUUGUCUCGGUCUGACAGUGCCGGCC
hsa-mir-26a-1,GUGGCCUCGUUCAAGUAAUCCAGGAUAGGCUGUGCAGGUCCCAAUGGGCCUAUUCUUGGUUACUUGCACGGGGACGC
hsa-mir-26b,CCGGGACCCAGUUCAAGUAAUUCAGGAUAGGUUGUGUGCUGUCCAGCCUGUUCUCCAUUACUUGGCUCGGGGACCGG
hsa-mir-27a,CUGAGGAGCAGGGCUUAGCUGCUUGUGAGCAGGGUCCACACCAAGUCGUGUUCACAGUGGCUAAGUUCCGCCCCCCAG
hsa-mir-28,GGUCCUUGCCCUCAAGGAGCUCACAGUCUAUUGAGUUACCUUUCUGACUUUCCCACUAGAUUGUGAGCUCCUGGAGGGCAGGCACU
hsa-mir-29a,AUGACUGAUUUCUUUUGGUGUUCAGAGUCAAUAUAAUUUUCUAGCACCAUCUGAAAUCGGUUAU
hsa-mir-30a,GCGACUGUAAACAUCCUCGACUGGAAGCUGUGAAGCCACAGAUGGGCUUUCAGUCGGAUGUUUGCAGCUGC
hsa-mir-31,GGAGAGGAGGCAAGAUGCUGGCAUAGCUGUUGAACUGGGAACCUGCUAUGCCAACAUAUUGCCAUCUUUCC
hsa-mir-32,GGAGAUAUUGCACAUUACUAAGUUGCAUGUUGUCACGGCCUCAAUGCAAUUUAGUGUGUGUGAUAUUUUC
hsa-mir-33a,CUGUGGUGCAUUGUAGUUGCAUUGCAUGUUCUGGUGGUACCCAUGCAAUGUUUCCACAGUGCAUCACAG
hsa-mir-92a-1,CUUUCUACACAGGUUGGGAUCGGUUGCAAUGCUGUGUUUCUGUAUGGUAUUGCACUUGUCCCGGCCUGUUGAGUUUGG
hsa-mir-92a-2,UCAUCCCUGGGUGGGGAUUUGUUGCAUUACUUGUGUUCUAUAUAAAGUAUUGCACUUGUCCCGGCCUGUGGAAGA
hsa-mir-93,CUGGGGGCUCCAAAGUGCUGUUCGUGCAGGUAGUGUGAUUACCCAACCUACUGCUGAGCUAGCACUUCCCGAGCCCCCGG
hsa-mir-95,AACACAGUGGGCACUCAAUAAAUGUCUGUUGAAUUGAAAUGCGUUACAUUCAACGGGUAUUUAUUGAGCACCCACUCUGUG
hsa-mir-96,UGGCCGAUUUUGGCACUAGCACAUUUUUGCUUGUGUCUCUCCGCUCUGAGCAAUCAUGUGCAGUGCCAAUAUGGGAAA
hsa-mir-98,AGGAUUCUGCUCAUGCCAGGGUGAGGUAGUAAGUUGUAUUGUUGUGGGGUAGGGAUAUUAGGCCCCAAUUAGAAGAUAACUAUACAACUUACUACUUUCCCUGGUGUGUGGCAUAUUCA
hsa-mir-99a,CCCAUUGGCAUAAACCCGUAGAUCCGAUCUUGUGGUGAAGUGGACCGCACAAGCUCGCUUCUAUGGGUCUGUGUCAGUGUG
hsa-mir-100,CCUGUUGCCACAAACCCGUAGAUCCGAACUUGUGGUAUUAGUCCGCACAAGCUUGUAUCUAUAGGUAUGUGUCUGUUAGG
hsa-mir-101-1,UGCCCUGGCUCAGUUAUCACAGUGCUGAUGCUGUCUAUUCUAAAGGUACAGUACUGUGAUAACUGAAGGAUGGCA
hsa-mir-29b-1,CUUCAGGAAGCUGGUUUCAUAUGGUGGUUUAGAUUUAAAUAGUGAUUGUCUAGCACCAUUUGAAAUCAGUGUUCUUGGGGG
hsa-mir-29b-2,CUUCUGGAAGCUGGUUUCACAUGGUGGCUUAGAUUUUUCCAUCUUUGUAUCUAGCACCAUUUGAAAUCAGUGUUUUAGGAG
hsa-mir-103a-2,UUGUGCUUUCAGCUUCUUUACAGUGCUGCCUUGUAGCAUUCAGGUCAAGCAGCAUUGUACAGGGCUAUGAAAGAACCA
hsa-mir-105-1,UGUGCAUCGUGGUCAAAUGCUCAGACUCCUGUGGUGGCUGCUCAUGCACCACGGAUGUUUGAGCAUGUGCUACGGUGUCUA
hsa-mir-105-2,UGUGCAUCGUGGUCAAAUGCUCAGACUCCUGUGGUGGCUGCUUAUGCACCACGGAUGUUUGAGCAUGUGCUAUGGUGUCUA
hsa-mir-106a,CCUUGGCCAUGUAAAAGUGCUUACAGUGCAGGUAGCUUUUUGAGAUCUACUGCAAUGUAAGCACUUCUUACAUUACCAUGG
hsa-mir-16-2,GUUCCACUCUAGCAGCACGUAAAUAUUGGCGUAGUGAAAUAUAUAUUAAACACCAAUAUUACUGUGCUGCUUUAGUGUGAC
hsa-mir-192,GCCGAGACCGAGUGCACAGGGCUCUGACCUAUGAAUUGACAGCCAGUGCUCUCGUCUCCCCUCUGGCUGCCAAUUCCAUAGGUCACAGGUAUGUUCGCCUCAAUGCCAGC
hsa-mir-197,GGCUGUGCCGGGUAGAGAGGGCAGUGGGAGGUAAGAGCUCUUCACCCUUCACCACCUUCUCCACCCAGCAUGGCC
hsa-mir-199a-1,GCCAACCCAGUGUUCAGACUACCUGUUCAGGAGGCUCUCAAUGUGUACAGUAGUCUGCACAUUGGUUAGGC
hsa-mir-208a,UGACGGGCGAGCUUUUGGCCCGGGUUAUACCUGAUGCUCACGUAUAAGACGAGCAAAAAGCUUGUUGGUCA
hsa-mir-129-1,GGAUCUUUUUGCGGUCUGGGCUUGCUGUUCCUCUCAACAGUAGUCAGGAAGCCCUUACCCCAAAAAGUAUCU
hsa-mir-148a,GAGGCAAAGUUCUGAGACACUCCGACUCUGAGUAUGAUAGAAGUCAGUGCACUACAGAACUUUGUCUC
hsa-mir-30c-2,AGAUACUGUAAACAUCCUACACUCUCAGCUGUGGAAAGUAAGAAAGCUGGGAGAAGGCUGUUUACUCUUUCU
hsa-mir-30d,GUUGUUGUAAACAUCCCCGACUGGAAGCUGUAAGACACAGCUAAGCUUUCAGUCAGAUGUUUGCUGCUAC
hsa-mir-139,GUGUAUUCUACAGUGCACGUGUCUCCAGUGUGGCUCGGAGGCUGGAGACGCGGCCCUGUUGGAGUAAC
hsa-mir-7-1,UUGGAUGUUGGCCUAGUUCUGUGUGGAAGACUAGUGAUUUUGUUGUUUUUAGAUAACUAAAUCGACAACAAAUCACAGUCUGCCAUAUGGCACAGGCCAUGCCUCUACAG
hsa-mir-7-2,CUGGAUACAGAGUGGACCGGCUGGCCCCAUCUGGAAGACUAGUGAUUUUGUUGUUGUCUUACUGCGCUCAACAACAAAUCCCAGUCUACCUAAUGGUGCCAGCCAUCGCA
hsa-mir-10a,GAUCUGUCUGUCUUCUGUAUAUACCCUGUAGAUCCGAAUUUGUGUAAGGAAUUUUGUGGUCACAAAUUCGUAUCUAGGGGAAUAUGUAGUUGACAUAAACACUCCGCUCU
hsa-mir-10b,CCAGAGGUUGUAACGUUGUCUAUAUAUACCCUGUAGAACCGAAUUUGUGUGGUAUCCGUAUAGUCACAGAUUCGAUUCUAGGGGAAUAUAUGGUCGAUGCAAAAACUUCA
hsa-mir-34a,GGCCAGCUGUGAGUGUUUCUUUGGCAGUGUCUUAGCUGGUUGUUGUGAGCAAUAGUAAGGAAGCAAUCAGCAAGUAUACUGCCCUAGAAGUGCUGCACGUUGUGGGGCCC
hsa-mir-181a-2,AGAAGGGCUAUCAGGCCAGCCUUCAGAGGACUCCAAGGAACAUUCAACGCUGUCGGUGAGUUUGGGAUUUGAAAAAACCACUGACCGUUGACUGUACCUUGGGGUCCUUA
hsa-mir-181b-1,CCUGUGCAGAGAUUAUUUUUUAAAAGGUCACAAUCAACAUUCAUUGCUGUCGGUGGGUUGAACUGUGUGGACAAGCUCACUGAACAAUGAAUGCAACUGUGGCCCCGCUU
hsa-mir-181c,CGGAAAAUUUGCCAAGGGUUUGGGGGAACAUUCAACCUGUCGGUGAGUUUGGGCAGCUCAGGCAAACCAUCGACCGUUGAGUGGACCCUGAGGCCUGGAAUUGCCAUCCU
hsa-mir-182,GAGCUGCUUGCCUCCCCCCGUUUUUGGCAAUGGUAGAACUCACACUGGUGAGGUAACAGGAUCCGGUGGUUCUAGACUUGCCAACUAUGGGGCGAGGACUCAGCCGGCAC
hsa-mir-183,CCGCAGAGUGUGACUCCUGUUCUGUGUAUGGCACUGGUAGAAUUCACUGUGAACAGUCUCAGUCAGUGAAUUACCGAAGGGCCAUAAACAGAGCAGAGACAGAUCCACGA
hsa-mir-187,GGUCGGGCUCACCAUGACACAGUGUGAGACCUCGGGCUACAACACAGGACCCGGGCGCUGCUCUGACCCCUCGUGUCUUGUGUUGCAGCCGGAGGGACGCAGGUCCGCA
hsa-mir-196a-2,UGCUCGCUCAGCUGAUCUGUGGCUUAGGUAGUUUCAUGUUGUUGGGAUUGAGUUUUGAACUCGGCAACAAGAAACUGCCUGAGUUACAUCAGUCGGUUUUCGUCGAGGGC
hsa-mir-199a-2,AGGAAGCUUCUGGAGAUCCUGCUCCGUCGCCCCAGUGUUCAGACUACCUGUUCAGGACAAUGCCGUUGUACAGUAGUCUGCACAUUGGUUAGACUGGGCAAGGGAGAGCA
hsa-mir-199b,CCAGAGGACACCUCCACUCCGUCUACCCAGUGUUUAGACUAUCUGUUCAGGACUCCCAAAUUGUACAGUAGUCUGCACAUUGGUUAGGCUGGGCUGGGUUAGACCCUCGG
hsa-mir-203a,GUGUUGGGGACUCGCGCGCUGGGUCCAGUGGUUCUUAACAGUUCAACAGUUCUGUAGCGCAAUUGUGAAAUGUUUAGGACCACUAGACCCGGCGGGCGCGGCGACAGCGA
hsa-mir-204,GGCUACAGUCUUUCUUCAUGUGACUCGUGGACUUCCCUUUGUCAUCCUAUGCCUGAGAAUAUAUGAAGGAGGCUGGGAAGGCAAAGGGACGUUCAAUUGUCAUCACUGGC
hsa-mir-205,AAAGAUCCUCAGACAAUCCAUGUGCUUCUCUUGUCCUUCAUUCCACCGGAGUCUGUCUCAUACCCAACCAGAUUUCAGUGGAGUGAAGUUCAGGAGGCAUGGAGCUGACA
hsa-mir-210,ACCCGGCAGUGCCUCCAGGCGCAGGGCAGCCCCUGCCCACCGCACACUGCGCUGCCCCAGACCCACUGUGCGUGUGACAGCGGCUGAUCUGUGCCUGGGCAGCGCGACCC
hsa-mir-211,UCACCUGGCCAUGUGACUUGUGGGCUUCCCUUUGUCAUCCUUCGCCUAGGGCUCUGAGCAGGGCAGGGACAGCAAAGGGGUGCUCAGUUGUCACUUCCCACAGCACGGAG
hsa-mir-212,CGGGGCACCCCGCCCGGACAGCGCGCCGGCACCUUGGCUCUAGACUGCUUACUGCCCGGGCCGCCCUCAGUAACAGUCUCCAGUCACGGCCACCGACGCCUGGCCCCGCC
hsa-mir-181a-1,UGAGUUUUGAGGUUGCUUCAGUGAACAUUCAACGCUGUCGGUGAGUUUGGAAUUAAAAUCAAAACCAUCGACCGUUGAUUGUACCCUAUGGCUAACCAUCAUCUACUCCA
hsa-mir-214,GGCCUGGCUGGACAGAGUUGUCAUGUGUCUGCCUGUCUACACUUGCUGUGCAGAACAUCCGCUCACCUGUACAGCAGGCACAGACAGGCAGUCACAUGACAACCCAGCCU
hsa-mir-215,AUCAUUCAGAAAUGGUAUACAGGAAAAUGACCUAUGAAUUGACAGACAAUAUAGCUGAGUUUGUCUGUCAUUUCUUUAGGCCAAUAUUCUGUAUGACUGUGCUACUUCAA
hsa-mir-216a,GAUGGCUGUGAGUUGGCUUAAUCUCAGCUGGCAACUGUGAGAUGUUCAUACAAUCCCUCACAGUGGUCUCUGGGAUUAUGCUAAACAGAGCAAUUUCCUAGCCCUCACGA
hsa-mir-218-1,GUGAUAAUGUAGCGAGAUUUUCUGUUGUGCUUGAUCUAACCAUGUGGUUGCGAGGUAUGAGUAAAACAUGGUUCCGUCAAGCACCAUGGAACGUCACGCAGCUUUCUACA
hsa-mir-218-2,GACCAGUCGCUGCGGGGCUUUCCUUUGUGCUUGAUCUAACCAUGUGGUGGAACGAUGGAAACGGAACAUGGUUCUGUCAAGCACCGCGGAAAGCACCGUGCUCUCCUGCA
hsa-mir-219a-1,CCGCCCCGGGCCGCGGCUCCUGAUUGUCCAAACGCAAUUCUCGAGUCUAUGGCUCCGGCCGAGAGUUGAGUCUGGACGUCCCGAGCCGCCGCCCCCAAACCUCGAGCGGG
hsa-mir-221,UGAACAUCCAGGUCUGGGGCAUGAACCUGGCAUACAAUGUAGAUUUCUGUGUUCGUUAGGCAACAGCUACAUUGUCUGCUGGGUUUCAGGCUACCUGGAAACAUGUUCUC
hsa-mir-222,GCUGCUGGAAGGUGUAGGUACCCUCAAUGGCUCAGUAGCCAGUGUAGAUCCUGUCUUUCGUAAUCAGCAGCUACAUCUGGCUACUGGGUCUCUGAUGGCAUCUUCUAGCU
hsa-mir-223,CCUGGCCUCCUGCAGUGCCACGCUCCGUGUAUUUGACAAGCUGAGUUGGACACUCCAUGUGGUAGAGUGUCAGUUUGUCAAAUACCCCAAGUGCGGCACAUGCUUACCAG
hsa-mir-224,GGGCUUUCAAGUCACUAGUGGUUCCGUUUAGUAGAUGAUUGUGCAUUGUUUCAAAAUGGUGCCCUAGUGACUACAAAGCCC
hsa-mir-200b,CCAGCUCGGGCAGCCGUGGCCAUCUUACUGGGCAGCAUUGGAUGGAGUCAGGUCUCUAAUACUGCCUGGUAAUGAUGACGGCGGAGCCCUGCACG
hsa-let-7g,AGGCUGAGGUAGUAGUUUGUACAGUUUGAGGGUCUAUGAUACCACCCGGUACAGGAGAUAACUGUACAGGCCACUGCCUUGCCA
hsa-let-7i,CUGGCUGAGGUAGUAGUUUGUGCUGUUGGUCGGGUUGUGACAUUGCCCGCUGUGGAGAUAACUGCGCAAGCUACUGCCUUGCUA
hsa-mir-15b,UUGAGGCCUUAAAGUACUGUAGCAGCACAUCAUGGUUUACAUGCUACAGUCAAGAUGCGAAUCAUUAUUUGCUGCUCUAGAAAUUUAAGGAAAUUCAU
hsa-mir-23b,CUCAGGUGCUCUGGCUGCUUGGGUUCCUGGCAUGCUGAUUUGUGACUUAAGAUUAAAAUCACAUUGCCAGGGAUUACCACGCAACCACGACCUUGGC
hsa-mir-27b,ACCUCUCUAACAAGGUGCAGAGCUUAGCUGAUUGGUGAACAGUGAUUGGUUUCCGCUUUGUUCACAGUGGCUAAGUUCUGCACCUGAAGAGAAGGUG
hsa-mir-30b,ACCAAGUUUCAGUUCAUGUAAACAUCCUACACUCAGCUGUAAUACAUGGAUUGGCUGGGAGGUGGAUGUUUACUUCAGCUGACUUGGA
hsa-mir-122,CCUUAGCAGAGCUGUGGAGUGUGACAAUGGUGUUUGUGUCUAAACUAUCAAACGCCAUUAUCACACUAAAUAGCUACUGCUAGGC
hsa-mir-124-1,AGGCCUCUCUCUCCGUGUUCACAGCGGACCUUGAUUUAAAUGUCCAUACAAUUAAGGCACGCGGUGAAUGCCAAGAAUGGGGCUG
hsa-mir-124-2,AUCAAGAUUAGAGGCUCUGCUCUCCGUGUUCACAGCGGACCUUGAUUUAAUGUCAUACAAUUAAGGCACGCGGUGAAUGCCAAGAGCGGAGCCUACGGCUGCACUUGAA
hsa-mir-124-3,UGAGGGCCCCUCUGCGUGUUCACAGCGGACCUUGAUUUAAUGUCUAUACAAUUAAGGCACGCGGUGAAUGCCAAGAGAGGCGCCUCC
hsa-mir-125b-1,UGCGCUCCUCUCAGUCCCUGAGACCCUAACUUGUGAUGUUUACCGUUUAAAUCCACGGGUUAGGCUCUUGGGAGCUGCGAGUCGUGCU
hsa-mir-128-1,UGAGCUGUUGGAUUCGGGGCCGUAGCACUGUCUGAGAGGUUUACAUUUCUCACAGUGAACCGGUCUCUUUUUCAGCUGCUUC
hsa-mir-130a,UGCUGCUGGCCAGAGCUCUUUUCACAUUGUGCUACUGUCUGCACCUGUCACUAGCAGUGCAAUGUUAAAAGGGCAUUGGCCGUGUAGUG
hsa-mir-132,CCGCCCCCGCGUCUCCAGGGCAACCGUGGCUUUCGAUUGUUACUGUGGGAACUGGAGGUAACAGUCUACAGCCAUGGUCGCCCCGCAGCACGCCCACGCGC
hsa-mir-133a-1,ACAAUGCUUUGCUAGAGCUGGUAAAAUGGAACCAAAUCGCCUCUUCAAUGGAUUUGGUCCCCUUCAACCAGCUGUAGCUAUGCAUUGA
hsa-mir-133a-2,GGGAGCCAAAUGCUUUGCUAGAGCUGGUAAAAUGGAACCAAAUCGACUGUCCAAUGGAUUUGGUCCCCUUCAACCAGCUGUAGCUGUGCAUUGAUGGCGCCG
hsa-mir-135a-1,AGGCCUCGCUGUUCUCUAUGGCUUUUUAUUCCUAUGUGAUUCUACUGCUCACUCAUAUAGGGAUUGGAGCCGUGGCGCACGGCGGGGACA
hsa-mir-138-2,CGUUGCUGCAGCUGGUGUUGUGAAUCAGGCCGACGAGCAGCGCAUCCUCUUACCCGGCUAUUUCACGACACCAGGGUUGCAUCA
hsa-mir-140,UGUGUCUCUCUCUGUGUCCUGCCAGUGGUUUUACCCUAUGGUAGGUUACGUCAUGCUGUUCUACCACAGGGUAGAACCACGGACAGGAUACCGGGGCACC
hsa-mir-141,CGGCCGGCCCUGGGUCCAUCUUCCAGUACAGUGUUGGAUGGUCUAAUUGUGAAGCUCCUAACACUGUCUGGUAAAGAUGGCUCCCGGGUGGGUUC
hsa-mir-142,GACAGUGCAGUCACCCAUAAAGUAGAAAGCACUACUAACAGCACUGGAGGGUGUAGUGUUUCCUACUUUAUGGAUGAGUGUACUGUG
hsa-mir-143,GCGCAGCGCCCUGUCUCCCAGCCUGAGGUGCAGUGCUGCAUCUCUGGUCAGUUGGGAGUCUGAGAUGAAGCACUGUAGCUCAGGAAGAGAGAAGUUGUUCUGCAGC
hsa-mir-144,UGGGGCCCUGGCUGGGAUAUCAUCAUAUACUGUAAGUUUGCGAUGAGACACUACAGUAUAGAUGAUGUACUAGUCCGGGCACCCCC
hsa-mir-145,CACCUUGUCCUCACGGUCCAGUUUUCCCAGGAAUCCCUUAGAUGCUAAGAUGGGGAUUCCUGGAAAUACUGUUCUUGAGGUCAUGGUU
hsa-mir-152,UGUCCCCCCCGGCCCAGGUUCUGUGAUACACUCCGACUCGGGCUCUGGAGCAGUCAGUGCAUGACAGAACUUGGGCCCGGAAGGACC
hsa-mir-153-2,AGCGGUGGCCAGUGUCAUUUUUGUGAUGUUGCAGCUAGUAAUAUGAGCCCAGUUGCAUAGUCACAAAAGUGAUCAUUGGAAACUGUG
hsa-mir-191,CGGCUGGACAGCGGGCAACGGAAUCCCAAAAGCAGCUGUUGUCUCCAGAGCAUUCCAGCUGCGCUUGGAUUUCGUCCCCUGCUCUCCUGCCU
hsa-mir-9-1,CGGGGUUGGUUGUUAUCUUUGGUUAUCUAGCUGUAUGAGUGGUGUGGAGUCUUCAUAAAGCUAGAUAACCGAAAGUAAAAAUAACCCCA
hsa-mir-9-2,GGAAGCGAGUUGUUAUCUUUGGUUAUCUAGCUGUAUGAGUGUAUUGGUCUUCAUAAAGCUAGAUAACCGAAAGUAAAAACUCCUUCA
hsa-mir-9-3,GGAGGCCCGUUUCUCUCUUUGGUUAUCUAGCUGUAUGAGUGCCACAGAGCCGUCAUAAAGCUAGAUAACCGAAAGUAGAAAUGAUUCUCA
hsa-mir-125a,UGCCAGUCUCUAGGUCCCUGAGACCCUUUAACCUGUGAGGACAUCCAGGGUCACAGGUGAGGUUCUUGGGAGCCUGGCGUCUGGCC
hsa-mir-125b-2,ACCAGACUUUUCCUAGUCCCUGAGACCCUAACUUGUGAGGUAUUUUAGUAACAUCACAAGUCAGGCUCUUGGGACCUAGGCGGAGGGGA
hsa-mir-126,CGCUGGCGACGGGACAUUAUUACUUUUGGUACGCGCUGUGACACUUCAAACUCGUACCGUGAGUAAUAAUGCGCCGUCCACGGCA
hsa-mir-127,UGUGAUCACUGUCUCCAGCCUGCUGAAGCUCAGAGGGCUCUGAUUCAGAAAGAUCAUCGGAUCCGUCUGAGCUUGGCUGGUCGGAAGUCUCAUCAUC
hsa-mir-129-2,UGCCCUUCGCGAAUCUUUUUGCGGUCUGGGCUUGCUGUACAUAACUCAAUAGCCGGAAGCCCUUACCCCAAAAAGCAUUUGCGGAGGGCG
hsa-mir-134,CAGGGUGUGUGACUGGUUGACCAGAGGGGCAUGCACUGUGUUCACCCUGUGGGCCACCUAGUCACCAACCCUC
hsa-mir-136,UGAGCCCUCGGAGGACUCCAUUUGUUUUGAUGAUGGAUUCUUAUGCUCCAUCAUCGUCUCAAAUGAGUCUUCAGAGGGUUCU
hsa-mir-138-1,CCCUGGCAUGGUGUGGUGGGGCAGCUGGUGUUGUGAAUCAGGCCGUUGCCAAUCAGAGAACGGCUACUUCACAACACCAGGGCCACACCACACUACAGG
hsa-mir-146a,CCGAUGUGUAUCCUCAGCUUUGAGAACUGAAUUCCAUGGGUUGUGUCAGUGUCAGACCUCUGAAAUUCAGUUCUUCAGCUGGGAUAUCUCUGUCAUCGU
hsa-mir-149,GCCGGCGCCCGAGCUCUGGCUCCGUGUCUUCACUCCCGUGCUUGUCCGAGGAGGGAGGGAGGGACGGGGGCUGUGCUGGGGCAGCUGGA
hsa-mir-150,CUCCCCAUGGCCCUGUCUCCCAACCCUUGUACCAGUGCUGGGCUCAGACCCUGGUACAGGCCUGGGGGACAGGGACCUGGGGAC
hsa-mir-154,GUGGUACUUGAAGAUAGGUUAUCCGUGUUGCCUUCGCUUUAUUUGUGACGAAUCAUACACGGUUGACCUAUUUUUCAGUACCAA
hsa-mir-185,AGGGGGCGAGGGAUUGGAGAGAAAGGCAGUUCCUGAUGGUCCCCUCCCCAGGGGCUGGCUUUCCUCUGGUCCUUCCCUCCCA
hsa-mir-186,UGCUUGUAACUUUCCAAAGAAUUCUCCUUUUGGGCUUUCUGGUUUUAUUUUAAGCCCAAAGGUGAAUUUUUUGGGAAGUUUGAGCU
hsa-mir-188,UGCUCCCUCUCUCACAUCCCUUGCAUGGUGGAGGGUGAGCUUUCUGAAAACCCCUCCCACAUGCAGGGUUUGCAGGAUGGCGAGCC
hsa-mir-190a,UGCAGGCCUCUGUGUGAUAUGUUUGAUAUAUUAGGUUGUUAUUUAAUCCAACUAUAUAUCAAACAUAUUCCUACAGUGUCUUGCC
hsa-mir-193a,CGAGGAUGGGAGCUGAGGGCUGGGUCUUUGCGGGCGAGAUGAGGGUGUCGGAUCAACUGGCCUACAAAGUCCCAGUUCUCGGCCCCCG
hsa-mir-195,AGCUUCCCUGGCUCUAGCAGCACAGAAAUAUUGGCACAGGGAAGCGAGUCUGCCAAUAUUGGCUGUGCUGCUCCAGGCAGGGUGGUG
hsa-mir-200c,CCCUCGUCUUACCCAGCAGUGUUUGGGUGCGGUUGGGAGUCUCUAAUACUGCCGGGUAAUGAUGGAGG
hsa-mir-1-1,UGGGAAACAUACUUCUUUAUAUGCCCAUAUGGACCUGCUAAGCUAUGGAAUGUAAAGAAGUAUGUAUCUCA
hsa-mir-155,CUGUUAAUGCUAAUCGUGAUAGGGGUUUUUGCCUCCAACUGACUCCUACAUAUUAGCAUUAACAG
hsa-mir-181b-2,CUGAUGGCUGCACUCAACAUUCAUUGCUGUCGGUGGGUUUGAGUCUGAAUCAACUCACUGAUCAAUGAAUGCAAACUGCGGACCAAACA
hsa-mir-128-2,UGUGCAGUGGGAAGGGGGGCCGAUACACUGUACGAGAGUGAGUAGCAGGUCUCACAGUGAACCGGUCUCUUUCCCUACUGUGUC
hsa-mir-194-2,UGGUUCCCGCCCCCUGUAACAGCAACUCCAUGUGGAAGUGCCCACUGGUUCCAGUGGGGCUGCUGUUAUCUGGGGCGAGGGCCAG
hsa-mir-106b,CCUGCCGGGGCUAAAGUGCUGACAGUGCAGAUAGUGGUCCUCUCCGUGCUACCGCACUGUGGGUACUUGCUGCUCCAGCAGG
hsa-mir-29c,AUCUCUUACACAGGCUGACCGAUUUCUCCUGGUGUUCAGAGUCUGUUUUUGUCUAGCACCAUUUGAAAUCGGUUAUGAUGUAGGGGGA
hsa-mir-30c-1,ACCAUGCUGUAGUGUGUGUAAACAUCCUACACUCUCAGCUGUGAGCUCAAGGUGGCUGGGAGAGGGUUGUUUACUCCUUCUGCCAUGGA
hsa-mir-200a,CCGGGCCCCUGUGAGCAUCUUACCGGACAGUGCUGGAUUUCCCAGCUUGACUCUAACACUGUCUGGUAACGAUGUUCAAAGGUGACCCGC
hsa-mir-302a,CCACCACUUAAACGUGGAUGUACUUGCUUUGAAACUAAAGAAGUAAGUGCUUCCAUGUUUUGGUGAUGG
hsa-mir-219a-2,ACUCAGGGGCUUCGCCACUGAUUGUCCAAACGCAAUUCUUGUACGAGUCUGCGGCCAACCGAGAAUUGUGGCUGGACAUCUGUGGCUGAGCUCCGGG
hsa-mir-34b,GUGCUCGGUUUGUAGGCAGUGUCAUUAGCUGAUUGUACUGUGGUGGUUACAAUCACUAACUCCACUGCCAUCAAAACAAGGCAC
hsa-mir-34c,AGUCUAGUUACUAGGCAGUGUAGUUAGCUGAUUGCUAAUAGUACCAAUCACUAACCACACGGCCAGGUAAAAAGAUU
hsa-mir-299,AAGAAAUGGUUUACCGUCCCACAUACAUUUUGAAUAUGUAUGUGGGAUGGUAAACCGCUUCUU
hsa-mir-301a,ACUGCUAACGAAUGCUCUGACUUUAUUGCACUACUGUACUUUACAGCUAGCAGUGCAAUAGUAUUGUCAAAGCAUCUGAAAGCAGG
hsa-mir-99b,GGCACCCACCCGUAGAACCGACCUUGCGGGGCCUUCGCCGCACACAAGCUCGUGUCUGUGGGUCCGUGUC
hsa-mir-296,AGGACCCUUCCAGAGGGCCCCCCCUCAAUCCUGUUGUGCCUAAUUCAGAGGGUUGGGUGGAGGCUCUCCUGAAGGGCUCU
hsa-mir-130b,GGCCUGCCCGACACUCUUUCCCUGUUGCACUACUAUAGGCCGCUGGGAAGCAGUGCAAUGAUGAAAGGGCAUCGGUCAGGUC
hsa-mir-30e,GGGCAGUCUUUGCUACUGUAAACAUCCUUGACUGGAAGCUGUAAGGUGUUCAGAGGAGCUUUCAGUCGGAUGUUUACAGCGGCAGGCUGCCA
hsa-mir-26a-2,GGCUGUGGCUGGAUUCAAGUAAUCCAGGAUAGGCUGUUUCCAUCUGUGAGGCCUAUUCUUGAUUACUUGUUUCUGGAGGCAGCU
hsa-mir-361,GGAGCUUAUCAGAAUCUCCAGGGGUACUUUAUAAUUUCAAAAAGUCCCCCAGGUGUGAUUCUGAUUUGCUUC
hsa-mir-362,CUUGAAUCCUUGGAACCUAGGUGUGAGUGCUAUUUCAGUGCAACACACCUAUUCAAGGAUUCAAA
hsa-mir-363,UGUUGUCGGGUGGAUCACGAUGCAAUUUUGAUGAGUAUCAUAGGAGAAAAAUUGCACGGUAUCCAUCUGUAAACC
hsa-mir-365a,ACCGCAGGGAAAAUGAGGGACUUUUGGGGGCAGAUGUGUUUCCAUUCCACUAUCAUAAUGCCCCUAAAAAUCCUUAUUGCUCUUGCA
hsa-mir-365b,AGAGUGUUCAAGGACAGCAAGAAAAAUGAGGGACUUUCAGGGGCAGCUGUGUUUUCUGACUCAGUCAUAAUGCCCCUAAAAAUCCUUAUUGUUCUUGCAGUGUGCAUCGGG
hsa-mir-302b,GCUCCCUUCAACUUUAACAUGGAAGUGCUUUCUGUGACUUUAAAAGUAAGUGCUUCCAUGUUUUAGUAGGAGU
hsa-mir-302c,CCUUUGCUUUAACAUGGGGGUACCUGCUGUGUGAAACAAAAGUAAGUGCUUCCAUGUUUCAGUGGAGG
hsa-mir-302d,CCUCUACUUUAACAUGGAGGCACUUGCUGUGACAUGACAAAAAUAAGUGCUUCCAUGUUUGAGUGUGG
hsa-mir-367,CCAUUACUGUUGCUAAUAUGCAACUCUGUUGAAUAUAAAUUGGAAUUGCACUUUAGCAAUGGUGAUGG
hsa-mir-376c,AAAAGGUGGAUAUUCCUUCUAUGUUUAUGUUAUUUAUGGUUAAACAUAGAGGAAAUUCCACGUUUU
hsa-mir-369,UUGAAGGGAGAUCGACCGUGUUAUAUUCGCUUUAUUGACUUCGAAUAAUACAUGGUUGAUCUUUUCUCAG
hsa-mir-370,AGACAGAGAAGCCAGGUCACGUCUCUGCAGUUACACAGCUCACGAGUGCCUGCUGGGGUGGAACCUGGUCUGUCU
hsa-mir-371a,GUGGCACUCAAACUGUGGGGGCACUUUCUGCUCUCUGGUGAAAGUGCCGCCAUCUUUUGAGUGUUAC
hsa-mir-372,GUGGGCCUCAAAUGUGGAGCACUAUUCUGAUGUCCAAGUGGAAAGUGCUGCGACAUUUGAGCGUCAC
hsa-mir-373,GGGAUACUCAAAAUGGGGGCGCUUUCCUUUUUGUCUGUACUGGGAAGUGCUUCGAUUUUGGGGUGUCCC
hsa-mir-374a,UACAUCGGCCAUUAUAAUACAACCUGAUAAGUGUUAUAGCACUUAUCAGAUUGUAUUGUAAUUGUCUGUGUA
hsa-mir-376a-1,UAAAAGGUAGAUUCUCCUUCUAUGAGUACAUUAUUUAUGAUUAAUCAUAGAGGAAAAUCCACGUUUUC
hsa-mir-377,UUGAGCAGAGGUUGCCCUUGGUGAAUUCGCUUUAUUUAUGUUGAAUCACACAAAGGCAACUUUUGUUUG
hsa-mir-378a,AGGGCUCCUGACUCCAGGUCCUGUGUGUUACCUAGAAAUAGCACUGGACUUGGAGUCAGAAGGCCU
hsa-mir-379,AGAGAUGGUAGACUAUGGAACGUAGGCGUUAUGAUUUCUGACCUAUGUAACAUGGUCCACUAACUCU
hsa-mir-380,AAGAUGGUUGACCAUAGAACAUGCGCUAUCUCUGUGUCGUAUGUAAUAUGGUCCACAUCUU
hsa-mir-381,UACUUAAAGCGAGGUUGCCCUUUGUAUAUUCGGUUUAUUGACAUGGAAUAUACAAGGGCAAGCUCUCUGUGAGUA
hsa-mir-382,UACUUGAAGAGAAGUUGUUCGUGGUGGAUUCGCUUUACUUAUGACGAAUCAUUCACGGACAACACUUUUUUCAGUA
hsa-mir-383,CUCCUCAGAUCAGAAGGUGAUUGUGGCUUUGGGUGGAUAUUAAUCAGCCACAGCACUGCCUGGUCAGAAAGAG
hsa-mir-340,UUGUACCUGGUGUGAUUAUAAAGCAAUGAGACUGAUUGUCAUAUGUCGUUUGUGGGAUCCGUCUCAGUUACUUUAUAGCCAUACCUGGUAUCUUA
hsa-mir-330,CUUUGGCGAUCACUGCCUCUCUGGGCCUGUGUCUUAGGCUCUGCAAGAUCAACCGAGCAAAGCACACGGCCUGCAGAGAGGCAGCGCUCUGCCC
hsa-mir-328,UGGAGUGGGGGGGCAGGAGGGGCUCAGGGAGAAAGUGCAUACAGCCCCUGGCCCUCUCUGCCCUUCCGUCCCCUG
hsa-mir-342,GAAACUGGGCUCAAGGUGAGGGGUGCUAUCUGUGAUUGAGGGACAUGGUUAAUGGAAUUGUCUCACACAGAAAUCGCACCCGUCACCUUGGCCUACUUA
hsa-mir-337,GUAGUCAGUAGUUGGGGGGUGGGAACGGCUUCAUACAGGAGUUGAUGCACAGUUAUCCAGCUCCUAUAUGAUGCCUUUCUUCAUCCCCUUCAA
hsa-mir-323a,UUGGUACUUGGAGAGAGGUGGUCCGUGGCGCGUUCGCUUUAUUUAUGGCGCACAUUACACGGUCGACCUCUUUGCAGUAUCUAAUC
hsa-mir-151a,UUUCCUGCCCUCGAGGAGCUCACAGUCUAGUAUGUCUCAUCCCCUACUAGACUGAAGCUCCUUGAGGACAGGGAUGGUCAUACUCACCUC
hsa-mir-135b,CACUCUGCUGUGGCCUAUGGCUUUUCAUUCCUAUGUGAUUGCUGUCCCAAACUCAUGUAGGGCUAAAAGCCAUGGGCUACAGUGAGGGGCGAGCUCC
hsa-mir-148b,CAAGCACGAUUAGCAUUUGAGGUGAAGUUCUGUUAUACACUCAGGCUGUGGCUCUCUGAAAGUCAGUGCAUCACAGAACUUUGUCUCGAAAGCUUUCUA
hsa-mir-331,GAGUUUGGUUUUGUUUGGGUUUGUUCUAGGUAUGGUCCCAGGGAUCCCAGAUCAAACCAGGCCCCUGGGCCUAUCCUAGAACCAACCUAAGCUC
hsa-mir-324,CUGACUAUGCCUCCCCGCAUCCCCUAGGGCAUUGGUGUAAAGCUGGAGACCCACUGCCCCAGGUGCUGCUGGGGGUUGUAGUC
hsa-mir-338,UCUCCAACAAUAUCCUGGUGCUGAGUGAUGACUCAGGCGACUCCAGCAUCAGUGAUUUUGUUGAAGA
hsa-mir-339,CGGGGCGGCCGCUCUCCCUGUCCUCCAGGAGCUCACGUGUGCCUGCCUGUGAGCGCCUCGACGACAGAGCCGGCGCCUGCCCCAGUGUCUGCGC
hsa-mir-335,UGUUUUGAGCGGGGGUCAAGAGCAAUAACGAAAAAUGUUUGUCAUAAACCGUUUUUCAUUAUUGCUCCUGACCUCCUCUCAUUUGCUAUAUUCA
hsa-mir-345,ACCCAAACCCUAGGUCUGCUGACUCCUAGUCCAGGGCUCGUGAUGGCUGGUGGGCCCUGAACGAGGGGUCUGGAGGCCUGGGUUUGAAUAUCGACAGC
hsa-mir-196b,ACUGGUCGGUGAUUUAGGUAGUUUCCUGUUGUUGGGAUCCACCUUUCUCUCGACAGCACGACACUGCCUUCAUUACUUCAGUUG
hsa-mir-423,AUAAAGGAAGUUAGGCUGAGGGGCAGAGAGCGAGACUUUUCUAUUUUCCAAAAGCUCGGUCUGAGGCCCCUCAGUCUUGCUUCCUAACCCGCGC
hsa-mir-424,CGAGGGGAUACAGCAGCAAUUCAUGUUUUGAAGUGUUCUAAAUGGUUCAAAACGUGAGGCGCUGCUAUACCCCCUCGUGGGGAAGGUAGAAGGUGGGG
hsa-mir-425,GAAAGCGCUUUGGAAUGACACGAUCACUCCCGUUGAGUGGGCACCCGAGAAGCCAUCGGGAAUGUCGUGUCCGCCCAGUGCUCUUUC
hsa-mir-18b,UGUGUUAAGGUGCAUCUAGUGCAGUUAGUGAAGCAGCUUAGAAUCUACUGCCCUAAAUGCCCCUUCUGGCA
hsa-mir-20b,AGUACCAAAGUGCUCAUAGUGCAGGUAGUUUUGGCAUGACUCUACUGUAGUAUGGGCACUUCCAGUACU
hsa-mir-450a-1,AAACGAUACUAAACUGUUUUUGCGAUGUGUUCCUAAUAUGCACUAUAAAUAUAUUGGGAACAUUUUGCAUGUAUAGUUUUGUAUCAAUAUA
hsa-mir-431,UCCUGCUUGUCCUGCGAGGUGUCUUGCAGGCCGUCAUGCAGGCCACACUGACGGUAACGUUGCAGGUCGUCUUGCAGGGCUUCUCGCAAGACGACAUCCUCAUCACCAACGACG
hsa-mir-433,CCGGGGAGAAGUACGGUGAGCCUGUCAUUAUUCAGAGAGGCUAGAUCCUCUGUGUUGAGAAGGAUCAUGAUGGGCUCCUCGGUGUUCUCCAGG
hsa-mir-329-1,GGUACCUGAAGAGAGGUUUUCUGGGUUUCUGUUUCUUUAAUGAGGACGAAACACACCUGGUUAACCUCUUUUCCAGUAUC
hsa-mir-329-2,GUGGUACCUGAAGAGAGGUUUUCUGGGUUUCUGUUUCUUUAUUGAGGACGAAACACACCUGGUUAACCUCUUUUCCAGUAUCAA
hsa-mir-452,GCUAAGCACUUACAACUGUUUGCAGAGGAAACUGAGACUUUGUAACUAUGUCUCAGUCUCAUCUGCAAAGAAGUAAGUGCUUUGC
hsa-mir-409,UGGUACUCGGGGAGAGGUUACCCGAGCAACUUUGCAUCUGGACGACGAAUGUUGCUCGGUGAACCCCUUUUCGGUAUCA
hsa-mir-412,CUGGGGUACGGGGAUGGAUGGUCGACCAGUUGGAAAGUAAUUGUUUCUAAUGUACUUCACCUGGUCCACUAGCCGUCCGUAUCCGCUGCAG
hsa-mir-410,GGUACCUGAGAAGAGGUUGUCUGUGAUGAGUUCGCUUUUAUUAAUGACGAAUAUAACACAGAUGGCCUGUUUUCAGUACC
hsa-mir-376b,CAGUCCUUCUUUGGUAUUUAAAACGUGGAUAUUCCUUCUAUGUUUACGUGAUUCCUGGUUAAUCAUAGAGGAAAAUCCAUGUUUUCAGUAUCAAAUGCUG
hsa-mir-483,GAGGGGGAAGACGGGAGGAAAGAAGGGAGUGGUUCCAUCACGCCUCCUCACUCCUCUCCUCCCGUCUUCUCCUCUC
hsa-mir-485,ACUUGGAGAGAGGCUGGCCGUGAUGAAUUCGAUUCAUCAAAGCGAGUCAUACACGGCUCUCCUCUCUUUUAGU
hsa-mir-486-1,GCAUCCUGUACUGAGCUGCCCCGAGGCCCUUCAUGCUGCCCAGCUCGGGGCAGCUCAGUACAGGAUAC
hsa-mir-487a,GGUACUUGAAGAGUGGUUAUCCCUGCUGUGUUCGCUUAAUUUAUGACGAAUCAUACAGGGACAUCCAGUUUUUCAGUAUC
hsa-mir-488,GAGAAUCAUCUCUCCCAGAUAAUGGCACUCUCAAACAAGUUUCCAAAUUGUUUGAAAGGCUAUUUCUUGGUCAGAUGACUCUC
hsa-mir-489,GUGGCAGCUUGGUGGUCGUAUGUGUGACGCCAUUUACUUGAACCUUUAGGAGUGACAUCACAUAUACGGCAGCUAAACUGCUAC
hsa-mir-490,UGGAGGCCUUGCUGGUUUGGAAAGUUCAUUGUUCGACACCAUGGAUCUCCAGGUGGGUCAAGUUUAGAGAUGCACCAACCUGGAGGACUCCAUGCUGUUGAGCUGUUCACAAGCAGCGGACACUUCCA
hsa-mir-491,UUGACUUAGCUGGGUAGUGGGGAACCCUUCCAUGAGGAGUAGAACACUCCUUAUGCAAGAUUCCCUUCUACCUGGCUGGGUUGG
hsa-mir-511,CAAUAGACACCCAUCGUGUCUUUUGCUCUGCAGUCAGUAAAUAUUUUUUUGUGAAUGUGUAGCAAAAGACAGAAUGGUGGUCCAUUG
hsa-mir-146b,CCUGGCACUGAGAACUGAAUUCCAUAGGCUGUGAGCUCUAGCAAUGCCCUGUGGACUCAGUUCUGGUGCCCGG
hsa-mir-202,CGCCUCAGAGCCGCCCGCCGUUCCUUUUUCCUAUGCAUAUACUUCUUUGAGGAUCUGGCCUAAAGAGGUAUAGGGCAUGGGAAAACGGGGCGGUCGGGUCCUCCCCAGCG
hsa-mir-493,CUGGCCUCCAGGGCUUUGUACAUGGUAGGCUUUCAUUCAUUCGUUUGCACAUUCGGUGAAGGUCUACUGUGUGCCAGGCCCUGUGCCAG
hsa-mir-432,UGACUCCUCCAGGUCUUGGAGUAGGUCAUUGGGUGGAUCCUCUAUUUCCUUACGUGGGCCACUGGAUGGCUCCUCCAUGUCUUGGAGUAGAUCA
hsa-mir-494,GAUACUCGAAGGAGAGGUUGUCCGUGUUGUCUUCUCUUUAUUUAUGAUGAAACAUACACGGGAAACCUCUUUUUUAGUAUC
hsa-mir-495,UGGUACCUGAAAAGAAGUUGCCCAUGUUAUUUUCGCUUUAUAUGUGACGAAACAAACAUGGUGCACUUCUUUUUCGGUAUCA
hsa-mir-193b,GUGGUCUCAGAAUCGGGGUUUUGAGGGCGAGAUGAGUUUAUGUUUUAUCCAACUGGCCCUCAAAGUCCCGCUUUUGGGGUCAU
hsa-mir-497,CCACCCCGGUCCUGCUCCCGCCCCAGCAGCACACUGUGGUUUGUACGGCACUGUGGCCACGUCCAAACCACACUGUGGUGUUAGAGCGAGGGUGGGGGAGGCACCGCCGAGG
hsa-mir-181d,GUCCCCUCCCCUAGGCCACAGCCGAGGUCACAAUCAACAUUCAUUGUUGUCGGUGGGUUGUGAGGACUGAGGCCAGACCCACCGGGGGAUGAAUGUCACUGUGGCUGGGCCAGACACGGCUUAAGGGGAAUGGGGAC
hsa-mir-512-1,UCUCAGUCUGUGGCACUCAGCCUUGAGGGCACUUUCUGGUGCCAGAAUGAAAGUGCUGUCAUAGCUGAGGUCCAAUGACUGAGG
hsa-mir-512-2,GGUACUUCUCAGUCUGUGGCACUCAGCCUUGAGGGCACUUUCUGGUGCCAGAAUGAAAGUGCUGUCAUAGCUGAGGUCCAAUGACUGAGGCGAGCACC
hsa-mir-515-1,UCUCAUGCAGUCAUUCUCCAAAAGAAAGCACUUUCUGUUGUCUGAAAGCAGAGUGCCUUCUUUUGGAGCGUUACUGUUUGAGA
hsa-mir-519e,UCUCAUGCAGUCAUUCUCCAAAAGGGAGCACUUUCUGUUUGAAAGAAAACAAAGUGCCUCCUUUUAGAGUGUUACUGUUUGAGA
hsa-mir-520f,UCUCAGGCUGUGACCCUCUAAAGGGAAGCGCUUUCUGUGGUCAGAAAGAAAAGCAAGUGCUUCCUUUUAGAGGGUUACCGUUUGGGA
hsa-mir-515-2,UCUCAUGCAGUCAUUCUCCAAAAGAAAGCACUUUCUGUUGUCUGAAAGCAGAGUGCCUUCUUUUGGAGCGUUACUGUUUGAGA
hsa-mir-519c,UCUCAGCCUGUGACCCUCUAGAGGGAAGCGCUUUCUGUUGUCUGAAAGAAAAGAAAGUGCAUCUUUUUAGAGGAUUACAGUUUGAGA
hsa-mir-520a,CUCAGGCUGUGACCCUCCAGAGGGAAGUACUUUCUGUUGUCUGAGAGAAAAGAAAGUGCUUCCCUUUGGACUGUUUCGGUUUGAG
hsa-mir-526b,UCAGGCUGUGACCCUCUUGAGGGAAGCACUUUCUGUUGUCUGAAAGAAGAGAAAGUGCUUCCUUUUAGAGGCUUACUGUCUGA
hsa-mir-519b,CAUGCUGUGACCCUCUAGAGGGAAGCGCUUUCUGUUGUCUGAAAGAAAAGAAAGUGCAUCCUUUUAGAGGUUUACUGUUUG
hsa-mir-525,CUCAAGCUGUGACUCUCCAGAGGGAUGCACUUUCUCUUAUGUGAAAAAAAAGAAGGCGCUUCCCUUUAGAGCGUUACGGUUUGGG
hsa-mir-523,UCUCAUGCUGUGACCCUCUAGAGGGAAGCGCUUUCUGUUGUCUGAAAGAAAAGAACGCGCUUCCCUAUAGAGGGUUACCCUUUGAGA
hsa-mir-518f,UCUCAUGCUGUGACCCUCUAGAGGGAAGCACUUUCUCUUGUCUAAAAGAAAAGAAAGCGCUUCUCUUUAGAGGAUUACUCUUUGAGA
hsa-mir-520c,UCUCAGGCUGUCGUCCUCUAGAGGGAAGCACUUUCUGUUGUCUGAAAGAAAAGAAAGUGCUUCCUUUUAGAGGGUUACCGUUUGAGA
hsa-mir-518c,GCGAGAAGAUCUCAUGCUGUGACUCUCUGGAGGGAAGCACUUUCUGUUGUCUGAAAGAAAACAAAGCGCUUCUCUUUAGAGUGUUACGGUUUGAGAAAAGC
hsa-mir-524,UCUCAUGCUGUGACCCUACAAAGGGAAGCACUUUCUCUUGUCCAAAGGAAAAGAAGGCGCUUCCCUUUGGAGUGUUACGGUUUGAGA
hsa-mir-517a,UCUCAGGCAGUGACCCUCUAGAUGGAAGCACUGUCUGUUGUAUAAAAGAAAAGAUCGUGCAUCCCUUUAGAGUGUUACUGUUUGAGA
hsa-mir-519d,UCCCAUGCUGUGACCCUCCAAAGGGAAGCGCUUUCUGUUUGUUUUCUCUUAAACAAAGUGCCUCCCUUUAGAGUGUUACCGUUUGGGA
hsa-mir-520d,UCUCAAGCUGUGAGUCUACAAAGGGAAGCCCUUUCUGUUGUCUAAAAGAAAAGAAAGUGCUUCUCUUUGGUGGGUUACGGUUUGAGA
hsa-mir-517b,GUGACCCUCUAGAUGGAAGCACUGUCUGUUGUCUAAGAAAAGAUCGUGCAUCCCUUUAGAGUGUUAC
hsa-mir-520g,UCCCAUGCUGUGACCCUCUAGAGGAAGCACUUUCUGUUUGUUGUCUGAGAAAAAACAAAGUGCUUCCCUUUAGAGUGUUACCGUUUGGGA
hsa-mir-516b-2,UCUCAUGAUGUGACCAUCUGGAGGUAAGAAGCACUUUGUGUUUUGUGAAAGAAAGUGCUUCCUUUCAGAGGGUUACUCUUUGAGA
hsa-mir-518e,UCUCAGGCUGUGACCCUCUAGAGGGAAGCGCUUUCUGUUGGCUAAAAGAAAAGAAAGCGCUUCCCUUCAGAGUGUUAACGCUUUGAGA
hsa-mir-518a-1,UCUCAAGCUGUGACUGCAAAGGGAAGCCCUUUCUGUUGUCUGAAAGAAGAGAAAGCGCUUCCCUUUGCUGGAUUACGGUUUGAGA
hsa-mir-518d,UCCCAUGCUGUGACCCUCUAGAGGGAAGCACUUUCUGUUGUCUGAAAGAAACCAAAGCGCUUCCCUUUGGAGCGUUACGGUUUGAGA
hsa-mir-516b-1,UCUCAGGCUGUGACCAUCUGGAGGUAAGAAGCACUUUCUGUUUUGUGAAAGAAAAGAAAGUGCUUCCUUUCAGAGGGUUACUCUUUGAGA
hsa-mir-518a-2,UCUCAAGCUGUGGGUCUGCAAAGGGAAGCCCUUUCUGUUGUCUAAAAGAAGAGAAAGCGCUUCCCUUUGCUGGAUUACGGUUUGAGA
hsa-mir-517c,GAAGAUCUCAGGCAGUGACCCUCUAGAUGGAAGCACUGUCUGUUGUCUAAGAAAAGAUCGUGCAUCCUUUUAGAGUGUUACUGUUUGAGAAAAUC
hsa-mir-522,UCUCAGGCUGUGUCCCUCUAGAGGGAAGCGCUUUCUGUUGUCUGAAAGAAAAGAAAAUGGUUCCCUUUAGAGUGUUACGCUUUGAGA
hsa-mir-519a-1,CUCAGGCUGUGACACUCUAGAGGGAAGCGCUUUCUGUUGUCUGAAAGAAAGGAAAGUGCAUCCUUUUAGAGUGUUACUGUUUGAG
hsa-mir-516a-1,UCUCAGGCUGUGACCUUCUCGAGGAAAGAAGCACUUUCUGUUGUCUGAAAGAAAAGAAAGUGCUUCCUUUCAGAGGGUUACGGUUUGAGA
hsa-mir-516a-2,UCUCAGGUUGUGACCUUCUCGAGGAAAGAAGCACUUUCUGUUGUCUGAAAGAAAAGAAAGUGCUUCCUUUCAGAGGGUUACGGUUUGAGA
hsa-mir-499a,GCCCUGUCCCCUGUGCCUUGGGCGGGCGGCUGUUAAGACUUGCAGUGAUGUUUAACUCCUCUCCACGUGAACAUCACAGCAAGUCUGUGCUGCUUCCCGUCCCUACGCUGCCUGGGCAGGGU
hsa-mir-500a,GCUCCCCCUCUCUAAUCCUUGCUACCUGGGUGAGAGUGCUGUCUGAAUGCAAUGCACCUGGGCAAGGAUUCUGAGAGCGAGAGC
hsa-mir-501,GCUCUUCCUCUCUAAUCCUUUGUCCCUGGGUGAGAGUGCUUUCUGAAUGCAAUGCACCCGGGCAAGGAUUCUGAGAGGGUGAGC
hsa-mir-502,UGCUCCCCCUCUCUAAUCCUUGCUAUCUGGGUGCUAGUGCUGGCUCAAUGCAAUGCACCUGGGCAAGGAUUCAGAGAGGGGGAGCU
hsa-mir-450a-2,CCAAAGAAAGAUGCUAAACUAUUUUUGCGAUGUGUUCCUAAUAUGUAAUAUAAAUGUAUUGGGGACAUUUUGCAUUCAUAGUUUUGUAUCAAUAAUAUGG
hsa-mir-503,UGCCCUAGCAGCGGGAACAGUUCUGCAGUGAGCGAUCGGUGCUCUGGGGUAUUGUUUCCGCUGCCAGGGUA
hsa-mir-504,GCUGCUGUUGGGAGACCCUGGUCUGCACUCUAUCUGUAUUCUUACUGAAGGGAGUGCAGGGCAGGGUUUCCCAUACAGAGGGC
hsa-mir-505,GAUGCACCCAGUGGGGGAGCCAGGAAGUAUUGAUGUUUCUGCCAGUUUAGCGUCAACACUUGCUGGUUUCCUCUCUGGAGCAUC
hsa-mir-513a-1,GGGAUGCCACAUUCAGCCAUUCAGCGUACAGUGCCUUUCACAGGGAGGUGUCAUUUAUGUGAACUAAAAUAUAAAUUUCACCUUUCUGAGAAGGGUAAUGUACAGCAUGCACUGCAUAUGUGGUGUCCC
hsa-mir-513a-2,GGAUGCCACAUUCAGCCAUUCAGUGUGCAGUGCCUUUCACAGGGAGGUGUCAUUUAUGUGAACUAAAAUAUAAAUUUCACCUUUCUGAGAAGGGUAAUGUACAGCAUGCACUGCAUAUGUGGUGUCC
hsa-mir-506,GCCACCACCAUCAGCCAUACUAUGUGUAGUGCCUUAUUCAGGAAGGUGUUACUUAAUAGAUUAAUAUUUGUAAGGCACCCUUCUGAGUAGAGUAAUGUGCAACAUGGACAACAUUUGUGGUGGC
hsa-mir-508,CCACCUUCAGCUGAGUGUAGUGCCCUACUCCAGAGGGCGUCACUCAUGUAAACUAAAACAUGAUUGUAGCCUUUUGGAGUAGAGUAAUACACAUCACGUAACGCAUAUUUGGUGG
hsa-mir-509-1,CAUGCUGUGUGUGGUACCCUACUGCAGACAGUGGCAAUCAUGUAUAAUUAAAAAUGAUUGGUACGUCUGUGGGUAGAGUACUGCAUGACACAUG
hsa-mir-510,GUGGUGUCCUACUCAGGAGAGUGGCAAUCACAUGUAAUUAGGUGUGAUUGAAACCUCUAAGAGUGGAGUAACAC
hsa-mir-514a-1,AACAUGUUGUCUGUGGUACCCUACUCUGGAGAGUGACAAUCAUGUAUAAUUAAAUUUGAUUGACACUUCUGUGAGUAGAGUAACGCAUGACACGUACG
hsa-mir-514a-2,GUUGUCUGUGGUACCCUACUCUGGAGAGUGACAAUCAUGUAUAACUAAAUUUGAUUGACACUUCUGUGAGUAGAGUAACGCAUGACAC
hsa-mir-514a-3,GUUGUCUGUGGUACCCUACUCUGGAGAGUGACAAUCAUGUAUAACUAAAUUUGAUUGACACUUCUGUGAGUAGAGUAACGCAUGACAC
hsa-mir-532,CGACUUGCUUUCUCUCCUCCAUGCCUUGAGUGUAGGACCGUUGGCAUCUUAAUUACCCUCCCACACCCAAGGCUUGCAGAAGAGCGAGCCU
hsa-mir-455,UCCCUGGCGUGAGGGUAUGUGCCUUUGGACUACAUCGUGGAAGCCAGCACCAUGCAGUCCAUGGGCAUAUACACUUGCCUCAAGGCCUAUGUCAUC
hsa-mir-539,AUACUUGAGGAGAAAUUAUCCUUGGUGUGUUCGCUUUAUUUAUGAUGAAUCAUACAAGGACAAUUUCUUUUUGAGUAU
hsa-mir-545,CCCAGCCUGGCACAUUAGUAGGCCUCAGUAAAUGUUUAUUAGAUGAAUAAAUGAAUGACUCAUCAGCAAACAUUUAUUGUGUGCCUGCUAAAGUGAGCUCCACAGG
hsa-mir-376a-2,GGUAUUUAAAAGGUAGAUUUUCCUUCUAUGGUUACGUGUUUGAUGGUUAAUCAUAGAGGAAAAUCCACGUUUUCAGUAUC
hsa-mir-487b,UUGGUACUUGGAGAGUGGUUAUCCCUGUCCUGUUCGUUUUGCUCAUGUCGAAUCGUACAGGGUCAUCCACUUUUUCAGUAUCAA
hsa-mir-552,AACCAUUCAAAUAUACCACAGUUUGUUUAACCUUUUGCCUGUUGGUUGAAGAUGCCUUUCAACAGGUGACUGGUUAGACAAACUGUGGUAUAUACA
hsa-mir-92b,CGGGCCCCGGGCGGGCGGGAGGGACGGGACGCGGUGCAGUGUUGUUUUUUCCCCCGCCAAUAUUGCACUCGUCCCGGCCUCCGGCCCCCCCGGCCC
hsa-mir-556,GAUAGUAAUAAGAAAGAUGAGCUCAUUGUAAUAUGAGCUUCAUUUAUACAUUUCAUAUUACCAUUAGCUCAUCUUUUUUAUUACUACCUUCAACA
hsa-mir-561,CUUCAUCCACCAGUCCUCCAGGAACAUCAAGGAUCUUAAACUUUGCCAGAGCUACAAAGGCAAAGUUUAAGAUCCUUGAAGUUCCUGGGGGAACCAU
hsa-mir-551b,AGAUGUGCUCUCCUGGCCCAUGAAAUCAAGCGUGGGUGAGACCUGGUGCAGAACGGGAAGGCGACCCAUACUUGGUUUCAGAGGCUGUGAGAAUAA
hsa-mir-570,CUAGAUAAGUUAUUAGGUGGGUGCAAAGGUAAUUGCAGUUUUUCCCAUUAUUUUAAUUGCGAAAACAGCAAUUACCUUUGCACCAACCUGAUGGAGU
hsa-mir-574,GGGACCUGCGUGGGUGCGGGCGUGUGAGUGUGUGUGUGUGAGUGUGUGUCGCUCCGGGUCCACGCUCAUGCACACACCCACACGCCCACACUCAGG
hsa-mir-576,UACAAUCCAACGAGGAUUCUAAUUUCUCCACGUCUUUGGUAAUAAGGUUUGGCAAAGAUGUGGAAAAAUUGGAAUCCUCAUUCGAUUGGUUAUAACCA
hsa-mir-579,CAUAUUAGGUUAAUGCAAAAGUAAUCGCGGUUUGUGCCAGAUGACGAUUUGAAUUAAUAAAUUCAUUUGGUAUAAACCGCGAUUAUUUUUGCAUCAAC
hsa-mir-580,AUAAAAUUUCCAAUUGGAACCUAAUGAUUCAUCAGACUCAGAUAUUUAAGUUAACAGUAUUUGAGAAUGAUGAAUCAUUAGGUUCCGGUCAGAAAUU
hsa-mir-582,AUCUGUGCUCUUUGAUUACAGUUGUUCAACCAGUUACUAAUCUAACUAAUUGUAACUGGUUGAACAACUGAACCCAAAGGGUGCAAAGUAGAAACAUU
hsa-mir-584,UAGGGUGACCAGCCAUUAUGGUUUGCCUGGGACUGAGGAAUUUGCUGGGAUAUGUCAGUUCCAGGCCAACCAGGCUGGUUGGUCUCCCUGAAGCAAC
hsa-mir-585,UGGGGUGUCUGUGCUAUGGCAGCCCUAGCACACAGAUACGCCCAGAGAAAGCCUGAACGUUGGGCGUAUCUGUAUGCUAGGGCUGCUGUAACAA
hsa-mir-548b,CAGACUAUAUAUUUAGGUUGGCGCAAAAGUAAUUGUGGUUUUGGCCUUUAUUUUCAAUGGCAAGAACCUCAGUUGCUUUUGUGCCAACCUAAUACUU
hsa-mir-589,UCCAGCCUGUGCCCAGCAGCCCCUGAGAACCACGUCUGCUCUGAGCUGGGUACUGCCUGUUCAGAACAAAUGCCGGUUCCCAGACGCUGCCAGCUGGCC
hsa-mir-550a-1,UGAUGCUUUGCUGGCUGGUGCAGUGCCUGAGGGAGUAAGAGCCCUGUUGUUGUAAGAUAGUGUCUUACUCCCUCAGGCACAUCUCCAACAAGUCUCU
hsa-mir-550a-2,UGAUGCUUUGCUGGCUGGUGCAGUGCCUGAGGGAGUAAGAGCCCUGUUGUUGUCAGAUAGUGUCUUACUCCCUCAGGCACAUCUCCAGCGAGUCUCU
hsa-mir-590,UAGCCAGUCAGAAAUGAGCUUAUUCAUAAAAGUGCAGUAUGGUGAAGUCAAUCUGUAAUUUUAUGUAUAAGCUAGUCUCUGAUUGAAACAUGCAGCA
hsa-mir-593,CCCCCAGAAUCUGUCAGGCACCAGCCAGGCAUUGCUCAGCCCGUUUCCCUCUGGGGGAGCAAGGAGUGGUGCUGGGUUUGUCUCUGCUGGGGUUUCUCCU
hsa-mir-597,UACUUACUCUACGUGUGUGUCACUCGAUGACCACUGUGAAGACAGUAAAAUGUACAGUGGUUCUCUUGUGGCUCAAGCGUAAUGUAGAGUACUGGUC
hsa-mir-598,GCUUGAUGAUGCUGCUGAUGCUGGCGGUGAUCCCGAUGGUGUGAGCUGGAAAUGGGGUGCUACGUCAUCGUUGUCAUCGUCAUCAUCAUCAUCCGAG
hsa-mir-548a-3,CCUAGAAUGUUAUUAGGUCGGUGCAAAAGUAAUUGCGAGUUUUACCAUUACUUUCAAUGGCAAAACUGGCAAUUACUUUUGCACCAACGUAAUACUU
hsa-mir-605,GCCCUAGCUUGGUUCUAAAUCCCAUGGUGCCUUCUCCUUGGGAAAAACAGAGAAGGCACUAUGAGAUUUAGAAUCAAGUUAGG
hsa-mir-615,CUCGGGAGGGGCGGGAGGGGGGUCCCCGGUGCUCGGAUCUCGAGGGUGCUUAUUGUUCGGUCCGAGCCUGGGUCUCCCUCUUCCCCCCAACCCCCC
hsa-mir-616,UUAGGUAAUUCCUCCACUCAAAACCCUUCAGUGACUUCCAUGACAUGAAAUAGGAAGUCAUUGGAGGGUUUGAGCAGAGGAAUGACCUGUUUUAAAA
hsa-mir-548c,CAUUGGCAUCUAUUAGGUUGGUGCAAAAGUAAUUGCGGUUUUUGCCAUUACUUUCAGUAGCAAAAAUCUCAAUUACUUUUGCACCAACUUAAUACUU
hsa-mir-619,CGCCCACCUCAGCCUCCCAAAAUGCUGGGAUUACAGGCAUGAGCCACUGCGGUCGACCAUGACCUGGACAUGUUUGUGCCCAGUACUGUCAGUUUGCAG
hsa-mir-624,AAUGCUGUUUCAAGGUAGUACCAGUACCUUGUGUUCAGUGGAACCAAGGUAAACACAAGGUAUUGGUAUUACCUUGAGAUAGCAUUACACCUAAGUG
hsa-mir-625,AGGGUAGAGGGAUGAGGGGGAAAGUUCUAUAGUCCUGUAAUUAGAUCUCAGGACUAUAGAACUUUCCCCCUCAUCCCUCUGCCCU
hsa-mir-627,UACUUAUUACUGGUAGUGAGUCUCUAAGAAAAGAGGAGGUGGUUGUUUUCCUCCUCUUUUCUUUGAGACUCACUACCAAUAAUAAGAAAUACUACUA
hsa-mir-628,AUAGCUGUUGUGUCACUUCCUCAUGCUGACAUAUUUACUAGAGGGUAAAAUUAAUAACCUUCUAGUAAGAGUGGCAGUCGAAGGGAAGGGCUCAU
hsa-mir-629,UCCCUUUCCCAGGGGAGGGGCUGGGUUUACGUUGGGAGAACUUUUACGGUGAACCAGGAGGUUCUCCCAACGUAAGCCCAGCCCCUCCCCUCUGCCU
hsa-mir-33b,GCGGGCGGCCCCGCGGUGCAUUGCUGUUGCAUUGCACGUGUGUGAGGCGGGUGCAGUGCCUCGGCAGUGCAGCCCGGAGCCGGCCCCUGGCACCAC
hsa-mir-642a,AUCUGAGUUGGGAGGGUCCCUCUCCAAAUGUGUCUUGGGGUGGGGGAUCAAGACACAUUUGGAGAGGGAACCUCCCAACUCGGCCUCUGCCAUCAUU
hsa-mir-651,AAUCUAUCACUGCUUUUUAGGAUAAGCUUGACUUUUGUUCAAAUAAAAAUGCAAAAGGAAAGUGUAUCCUAAAAGGCAAUGACAGUUUAAUGUGUUU
hsa-mir-652,ACGAAUGGCUAUGCACUGCACAACCCUAGGAGAGGGUGCCAUUCACAUAGACUAUAAUUGAAUGGCGCCACUAGGGUUGUGCAGUGCACAACCUACAC
hsa-mir-548d-1,AAACAAGUUAUAUUAGGUUGGUGCAAAAGUAAUUGUGGUUUUUGCCUGUAAAAGUAAUGGCAAAAACCACAGUUUCUUUUGCACCAGACUAAUAAAG
hsa-mir-548d-2,GAGAGGGAAGAUUUAGGUUGGUGCAAAAGUAAUUGUGGUUUUUGCCAUUGAAAGUAAUGGCAAAAACCACAGUUUCUUUUGCACCAACCUAAUAAAA
hsa-mir-449b,UGACCUGAAUCAGGUAGGCAGUGUAUUGUUAGCUGGCUGCUUGGGUCAAGUCAGCAGCCACAACUACCCUGCCACUUGCUUCUGGAUAAAUUCUUCU
hsa-mir-653,UUCAUUCCUUCAGUGUUGAAACAAUCUCUACUGAACCAGCUUCAAACAAGUUCACUGGAGUUUGUUUCAAUAUUGCAAGAAUGAUAAGAUGGAAGC
hsa-mir-411,UGGUACUUGGAGAGAUAGUAGACCGUAUAGCGUACGCUUUAUCUGUGACGUAUGUAACACGGUCCACUAACCCUCAGUAUCAAAUCCAUCCCCGAG
hsa-mir-654,GGGUAAGUGGAAAGAUGGUGGGCCGCAGAACAUGUGCUGAGUUCGUGCCAUAUGUCUGCUGACCAUCACCUUUAGAAGCCC
hsa-mir-655,AACUAUGCAAGGAUAUUUGAGGAGAGGUUAUCCGUGUUAUGUUCGCUUCAUUCAUCAUGAAUAAUACAUGGUUAACCUCUUUUUGAAUAUCAGACUC
hsa-mir-656,CUGAAAUAGGUUGCCUGUGAGGUGUUCACUUUCUAUAUGAUGAAUAUUAUACAGUCAACCUCUUUCCGAUAUCGAAUC
hsa-mir-659,UACCGACCCUCGAUUUGGUUCAGGACCUUCCCUGAACCAAGGAAGAGUCACAGUCUCUUCCUUGGUUCAGGGAGGGUCCCCAACAAUGUCCUCAUGG
hsa-mir-660,CUGCUCCUUCUCCCAUACCCAUUGCAUAUCGGAGUUGUGAAUUCUCAAAACACCUCCUGUGUGCAUGGAUUACAGGAGGGUGAGCCUUGUCAUCGUG
hsa-mir-542,CAGAUCUCAGACAUCUCGGGGAUCAUCAUGUCACGAGAUACCAGUGUGCACUUGUGACAGAUUGAUAACUGAAAGGUCUGGGAGCCACUCAUCUUCA
hsa-mir-758,GCCUGGAUACAUGAGAUGGUUGACCAGAGAGCACACGCUUUAUUUGUGCCGUUUGUGACCUGGUCCACUAACCCUCAGUAUCUAAUGC
hsa-mir-671,GCAGGUGAACUGGCAGGCCAGGAAGAGGAGGAAGCCCUGGAGGGGCUGGAGGUGAUGGAUGUUUUCCUCCGGUUCUCAGGGCUCCACCUCUUUCGGGCCGUAGAGCCAGGGCUGGUGC
hsa-mir-668,GGUAAGUGCGCCUCGGGUGAGCAUGCACUUAAUGUGGGUGUAUGUCACUCGGCUCGGCCCACUACC
hsa-mir-550a-3,GAUGCUUUGCUGGCUGGUGCAGUGCCUGAGGGAGUAAGAGUCCUGUUGUUGUAAGAUAGUGUCUUACUCCCUCAGGCACAUCUCCAACAAGUCUC
hsa-mir-767,GCUUUUAUAUUGUAGGUUUUUGCUCAUGCACCAUGGUUGUCUGAGCAUGCAGCAUGCUUGUCUGCUCAUACCCCAUGGUUUCUGAGCAGGAACCUUCAUUGUCUACUGC
hsa-mir-1296,ACCUACCUAACUGGGUUAGGGCCCUGGCUCCAUCUCCUUUAGGAAAACCUUCUGUGGGGAGUGGGGCUUCGACCCUAACCCAGGUGGGCUGU
hsa-mir-1468,GGUGGGUGGUUUCUCCGUUUGCCUGUUUCGCUGAUGUGCAUUCAACUCAUUCUCAGCAAAAUAAGCAAAUGGAAAAUUCGUCCAUC
hsa-mir-1271,CACCCAGAUCAGUGCUUGGCACCUAGCAAGCACUCAGUAAAUAUUUGUUGAGUGCCUGCUAUGUGCCAGGCAUUGUGCUGAGGGCU
hsa-mir-1301,GGAUUGUGGGGGGUCGCUCUAGGCACCGCAGCACUGUGCUGGGGAUGUUGCAGCUGCCUGGGAGUGACUUCACACAGUCCUC
hsa-mir-454,UCUGUUUAUCACCAGAUCCUAGAACCCUAUCAAUAUUGUCUCUGCUGUGUAAAUAGUUCUGAGUAGUGCAAUAUUGCUUAUAGGGUUUUGGUGUUUGGAAAGAACAAUGGGCAGG
hsa-mir-1185-2,UUUGGUACUUAAAGAGAGGAUACCCUUUGUAUGUUCACUUGAUUAAUGGCGAAUAUACAGGGGGAGACUCUCAUUUGCGUAUCAAA
hsa-mir-449c,GCUGGGAUGUGUCAGGUAGGCAGUGUAUUGCUAGCGGCUGUUAAUGAUUUUAACAGUUGCUAGUUGCACUCCUCUCUGUUGCAUUCAGAAGC
hsa-mir-769,GCCUUGGUGCUGAUUCCUGGGCUCUGACCUGAGACCUCUGGGUUCUGAGCUGUGAUGUUGCUCUCGAGCUGGGAUCUCCGGGGUCUUGGUUCAGGGCCGGGGCCUCUGGGUUCCAAGC
hsa-mir-766,GCAUCCUCAGGACCUGGGCUUGGGUGGUAGGAGGAAUUGGUGCUGGUCUUUCAUUUUGGAUUUGACUCCAGCCCCACAGCCUCAGCCACCCCAGCCAAUUGUCAUAGGAGC
hsa-mir-1185-1,UUUGGUACUUGAAGAGAGGAUACCCUUUGUAUGUUCACUUGAUUAAUGGCGAAUAUACAGGGGGAGACUCUUAUUUGCGUAUCAAA
hsa-mir-670,GUUUAGGGGUGGACCUGAUGUCCCUGAGUGUAUGUGGUGAACCUGAAUUUGCCUUGGGUUUCCUCAUAUUCAUUCAGGAGUGUCAGUUGCCCCUUCAC
hsa-mir-1298,AGACGAGGAGUUAAGAGUUCAUUCGGCUGUCCAGAUGUAUCCAAGUACCCUGUGUUAUUUGGCAAUAAAUACAUCUGGGCAACUGACUGAACUUUUCACUUUUCAUGACUCA
hsa-mir-675,CCCAGGGUCUGGUGCGGAGAGGGCCCACAGUGGACUUGGUGACGCUGUAUGCCCUCACCGCUCAGCCCCUGGG
hsa-mir-891a,CCUUAAUCCUUGCAACGAACCUGAGCCACUGAUUCAGUAAAAUACUCAGUGGCACAUGUUUGUUGUGAGGGUCAAAAGA
hsa-mir-509-2,CAUGCUGUGUGUGGUACCCUACUGCAGACAGUGGCAAUCAUGUAUAAUUAAAAAUGAUUGGUACGUCUGUGGGUAGAGUACUGCAUGACAC
hsa-mir-450b,GCAGAAUUAUUUUUGCAAUAUGUUCCUGAAUAUGUAAUAUAAGUGUAUUGGGAUCAUUUUGCAUCCAUAGUUUUGUAU
hsa-mir-874,UUAGCCCUGCGGCCCCACGCACCAGGGUAAGAGAGACUCUCGCUUCCUGCCCUGGCCCGAGGGACCGACUGGCUGGGC
hsa-mir-888,GGCAGUGCUCUACUCAAAAAGCUGUCAGUCACUUAGAUUACAUGUGACUGACACCUCUUUGGGUGAAGGAAGGCUCA
hsa-mir-541,ACGUCAGGGAAAGGAUUCUGCUGUCGGUCCCACUCCAAAGUUCACAGAAUGGGUGGUGGGCACAGAAUCUGGACUCUGCUUGUG
hsa-mir-889,GUGCUUAAAGAAUGGCUGUCCGUAGUAUGGUCUCUAUAUUUAUGAUGAUUAAUAUCGGACAACCAUUGUUUUAGUAUCC
hsa-mir-875,UUAGUGGUACUAUACCUCAGUUUUAUCAGGUGUUCUUAAAAUCACCUGGAAACACUGAGGUUGUGUCUCACUGAAC
hsa-mir-876,UGAAGUGCUGUGGAUUUCUUUGUGAAUCACCAUAUCUAAGCUAAUGUGGUGGUGGUUUACAAAGUAAUUCAUAGUGCUUCA
hsa-mir-708,AACUGCCCUCAAGGAGCUUACAAUCUAGCUGGGGGUAAAUGACUUGCACAUGAACACAACUAGACUGUGAGCUUCUAGAGGGCAGGGA
hsa-mir-744,UUGGGCAAGGUGCGGGGCUAGGGCUAACAGCAGUCUUACUGAAGGUUUCCUGGAAACCACGCACAUGCUGUUGCCACUAACCUCAACCUUACUCGGUC
hsa-mir-885,CCGCACUCUCUCCAUUACACUACCCUGCCUCUUCUCCAUGAGAGGCAGCGGGGUGUAGUGGAUAGAGCACGGGU
hsa-mir-887,GUGCAGAUCCUUGGGAGCCCUGUUAGACUCUGGAUUUUACACUUGGAGUGAACGGGCGCCAUCCCGAGGCUUUGCACAG
hsa-mir-873,GUGUGCAUUUGCAGGAACUUGUGAGUCUCCUAUUGAAAAUGAACAGGAGACUGAUGAGUUCCCGGGAACACCCACAA
hsa-mir-374b,ACUCGGAUGGAUAUAAUACAACCUGCUAAGUGUCCUAGCACUUAGCAGGUUGUAUUAUCAUUGUCCGUGUCU
hsa-mir-301b,GCCGCAGGUGCUCUGACGAGGUUGCACUACUGUGCUCUGAGAAGCAGUGCAAUGAUAUUGUCAAAGCAUCUGGGACCA
hsa-mir-216b,GCAGACUGGAAAAUCUCUGCAGGCAAAUGUGAUGUCACUGAGGAAAUCACACACUUACCCGUAGAGAUUCUACAGUCUGACA
hsa-mir-208b,CCUCUCAGGGAAGCUUUUUGCUCGAAUUAUGUUUCUGAUCCGAAUAUAAGACGAACAAAAGGUUUGUCUGAGGGCAG
hsa-mir-509-3,GUGGUACCCUACUGCAGACGUGGCAAUCAUGUAUAAUUAAAAAUGAUUGGUACGUCUGUGGGUAGAGUACUGCAU
hsa-mir-942,AUUAGGAGAGUAUCUUCUCUGUUUUGGCCAUGUGUGUACUCACAGCCCCUCACACAUGGCCGAAACAGAGAAGUUACUUUCCUAAU
hsa-mir-1178,GCGUUGGCUGGCAGAGGAAGGGAAGGGUCCAGGGUCAGCUGAGCAUGCCCUCAGGUUGCUCACUGUUCUUCCCUAGAAUGUCAGGUGAUGU
hsa-mir-1180,GCUGCUGGACCCACCCGGCCGGGAAUAGUGCUCCUGGUUGUUUCCGGCUCGCGUGGGUGUGUCGGCGGC
hsa-mir-1225,GUGGGUACGGCCCAGUGGGGGGGAGAGGGACACGCCCUGGGCUCUGCCCAGGGUGCAGCCGGACUGACUGAGCCCCUGUGCCGCCCCCAG
hsa-mir-1238,GUGAGUGGGAGCCCCAGUGUGUGGUUGGGGCCAUGGCGGGUGGGCAGCCCAGCCUCUGAGCCUUCCUCGUCUGUCUGCCCCAG
hsa-mir-1207,GCAGGGCUGGCAGGGAGGCUGGGAGGGGCUGGCUGGGUCUGGUAGUGGGCAUCAGCUGGCCCUCAUUUCUUAAGACAGCACUUCUGU
hsa-mir-548e,UUAUUAGGUUGGUACAAAAGCAAUCGCGGUUUUUGCUAUUACUUUUAAAGGCAAAAACUGAGACUACUUUUGCACCAACCUGAUAGAA
hsa-mir-548j,GGGCAGCCAGUGAAUAGUUAGCUGGUGCAAAAGUAAUUGCGGUCUUUGGUAUUACUUUCAGUGGCAAAAACUGCAUUACUUUUGCACCAGCCUACUAGAACGCUGAGUUCAG
hsa-mir-1285-1,UGUAGAGAUAGGAUCUCACUUUGUUGCCCAGGCUGGUCUCAAACUCCUGGUCUGGGCAACAAAGUGAGACCUUAUCUCUACAAG
hsa-mir-1287,GUUGUGCUGUCCAGGUGCUGGAUCAGUGGUUCGAGUCUGAGCCUUUAAAAGCCACUCUAGCCACAGAUGCAGUGAUUGGAGCCAUGACAA
hsa-mir-1304,AAACACUUGAGCCCAGCGGUUUGAGGCUACAGUGAGAUGUGAUCCUGCCACAUCUCACUGUAGCCUCGAACCCCUGGGCUCAAGUGAUUCA
hsa-mir-548f-1,AUUAGGUUGGUGCAAAAGUAAUCACAGUUUUUGACAUUACUUUCAAAGACAAAAACUGUAAUUACUUUUGGACCAACCUAAUAG
hsa-mir-1247,CCGCUUGCCUCGCCCAGCGCAGCCCCGGCCGCUGGGCGCACCCGUCCCGUUCGUCCCCGGACGUUGCUCUCUACCCCGGGAACGUCGAGACUGGAGCGCCCGAACUGAGCCACCUUCGCGGACCCCGAGAGCGGCG
hsa-mir-1249,GGGAGGAGGGAGGAGAUGGGCCAAGUUCCCUCUGGCUGGAACGCCCUUCCCCCCCUUCUUCACCUG
hsa-mir-1250,CUGUCCCGCUGGCCUGGCAGGUGACGGUGCUGGAUGUGGCCUUUUUGCCUUUUCUAAAGGCCACAUUUUCCAGCCCAUUCAACCUUCCAGAGCCCUCUGAAGUGGCCACAGGC
hsa-mir-1251,GUGGACUCUAGCUGCCAAAGGCGCUUCUCCUUCUGAACAGAGCGCUUUGCUCAGCCAGUGUAGACAUGGC
hsa-mir-548g,AGUUAUUAGAUUAGUGCAAAAGUAAUUGCAGUUUUUGCAUUACGUUCUAUGGCAAAACUGUAAUUACUUUUGUACCAACAUAAUACUUC
hsa-mir-1266,ACAGGUAGUGUCCCUCAGGGCUGUAGAACAGGGCUGGGAUUACUAAAGCCCUGUUCUAUGCCCUGAGGGACACUGAGCAUGUCA
hsa-mir-548h-4,GCUAUUAGGUUGGUGCAAAAGUAAUCGCGGUUUUUGUCAUUACUUUAAUUACUUUACGUUUCAUUAAUGACAAAAACCGCAAUUACUUUUGCACCAACCUAAUACUUGCUA
hsa-mir-1277,ACCUCCCAAAUAUAUAUAUAUAUGUACGUAUGUGUAUAUAAAUGUAUACGUAGAUAUAUAUGUAUUUUUGGUGGGUUU
hsa-mir-1288,GAGGGUGUUGAUCAGCAGAUCAGGACUGUAACUCACCAUAGUGGUGGACUGCCCUGAUCUGGAGACCACUGCCUU
hsa-mir-1252,AGAAAGAAGGAAAUUGAAUUCAUUUAGAAAAGAGAAUUCCAAAUGAGCUUAAUUUCCUUUUUUCU
hsa-mir-1255b-2,UCUUACGGAUGAGCAAAGAAAGUGGUUUGCGCCUCAAGAAACCACUUUCUUUGCUCAUCCAUAAGGA
hsa-mir-664a,GAACAUUGAAACUGGCUAGGGAAAAUGAUUGGAUAGAAACUAUUAUUCUAUUCAUUUAUCCCCAGCCUACAAAAUGAAAAAA
hsa-mir-1306,GUGAGCAGUCUCCACCACCUCCCCUGCAAACGUCCAGUGGUGCAGAGGUAAUGGACGUUGGCUCUGGUGGUGAUGGACAGUCCGA
hsa-mir-1307,CAUCAAGACCCAGCUGAGUCACUGUCACUGCCUACCAAUCUCGACCGGACCUCGACCGGCUCGUCUGUGUUGCCAAUCGACUCGGCGUGGCGUCGGUCGUGGUAGAUAGGCGGUCAUGCAUACGAAUUUUCAGCUCUUGUUCUGGUGAC
hsa-mir-513b,GUGUACAGUGCCUUUCACAAGGAGGUGUCAUUUAUGUGAACUAAAAUAUAAAUGUCACCUUUUUGAGAGGAGUAAUGUACAGCA
hsa-mir-513c,GCGUACAGUGCCUUUCUCAAGGAGGUGUCGUUUAUGUGAACUAAAAUAUAAAUUUCACCUUUCUGAGAAGAGUAAUGUACAGCA
hsa-mir-1537,ACAGCUGUAAUUAGUCAGUUUUCUGUCCUGUCCACACAGAAAACCGUCUAGUUACAGUUGU
hsa-mir-1908,CGGGAAUGCCGCGGCGGGGACGGCGAUUGGUCCGUAUGUGUGGUGCCACCGGCCGCCGGCUCCGCCCCGGCCCCCGCCCC
hsa-mir-1910,UGUCCCUUCAGCCAGUCCUGUGCCUGCCGCCUUUGUGCUGUCCUUGGAGGGAGGCAGAAGCAGGAUGACAAUGAGGGCAA
hsa-mir-1911,UCGGCAUCUGCUGAGUACCGCCAUGUCUGUUGGGCAUCCACAGUCUCCCACCAGGCAUUGUGGUCUCCGCUGACGCUUUG
hsa-mir-1914,CGUGUGAGCCCGCCCUGUGCCCGGCCCACUUCUGCUUCCUCUUAGCGCAGGAGGGGUCCCGCACUGGGAGGGGCCCUCAC
hsa-mir-1915,UGAGAGGCCGCACCUUGCCUUGCUGCCCGGGCCGUGCACCCGUGGGCCCCAGGGCGACGCGGCGGGGGCGGCCCUAGCGA
hsa-mir-2114,CCUCCAUGCUCCUAGUCCCUUCCUUGAAGCGGUCGGAUAAUCACAUGACGAGCCUCAAGCAAGGGACUUCAAGCUGGUGG
hsa-mir-2115,ACUGUCAUCCCACUGCUUCCAGCUUCCAUGACUCCUGAUGGAGGAAUCACAUGAAUUCAUCAGAAUUCAUGGAGGCUAGAAGCAGUAUGAGGAUCAUUUA
hsa-mir-2116,GACCUAGGCUAGGGGUUCUUAGCAUAGGAGGUCUUCCCAUGCUAAGAAGUCCUCCCAUGCCAAGAACUCCCAGACUAGGA
hsa-mir-2276,GUGUUCUUCCAGUCCGCCCUCUGUCACCUUGCAGACGGCUUUCUCUCCGAAUGUCUGCAAGUGUCAGAGGCGAGGAGUGGCAGCUGCAU
hsa-mir-2277,GUGCUUCCUGCGGGCUGAGCGCGGGCUGAGCGCUGCCAGUCAGCGCUCACAUUAAGGCUGACAGCGCCCUGCCUGGCUCGGCCGGCGAAGCUC
hsa-mir-2681,GCCCCCUUUUCACGCAUUUGUGUUUUACCACCUCCAGGAGACUGCCCAAAGACUCUUCAGUAUCAUGGAGUUGGUAAAGCACAGAUGCAUGAAUAAUUCAACGUG
hsa-mir-2682,ACCUUCCUGAAAGAGGUUGGGGCAGGCAGUGACUGUUCAGACGUCCAAUCUCUUUGGGACGCCUCUUCAGCGCUGUCUUCCCUGCCUCUGCCUUUAGGACGAGUCUCAAA
hsa-mir-3117,CCCUAAAGGGCCAGACACUAUACGAGUCAUAUAAGGGAAGGCAUUAUAGGACUCAUAUAGUGCCAGGUGUUUUGUGGG
hsa-mir-3120,GUCAUGUGACUGCCUGUCUGUGCCUGCUGUACAGGUGAGCGGAUGUUCUGCACAGCAAGUGUAGACAGGCAGACACAUGAC
hsa-mir-3121,AAAUGGUUAUGUCCUUUGCCUAUUCUAUUUAAGACACCCUGUACCUUAAAUAGAGUAGGCAAAGGACAGAAACAUUU
hsa-mir-3124,GCGGGCUUCGCGGGCGAAGGCAAAGUCGAUUUCCAAAAGUGACUUUCCUCACUCCCGUGAAGUCGGC
hsa-mir-3126,AUGAUUAUAUGAGGGACAGAUGCCAGAAGCACUGGUUAUGAUUUGCAUCUGGCAUCCGUCACACAGAUAAUUAU
hsa-mir-3127,GGCCAGGCCCAUCAGGGCUUGUGGAAUGGGAAGGAGAAGGGACGCUUCCCCUUCUGCAGGCCUGCUGGGUGUGGCU
hsa-mir-3129,GUACUUGGGCAGUAGUGUAGAGAUUGGUUUGCCUGUUAAUGAAUUCAAACUAAUCUCUACACUGCUGCCCAAGAGC
hsa-mir-3130-1,CUUGUCAUGUCUUACCCAGUCUCCGGUGCAGCCUGUUGUCAAGGCUGCACCGGAGACUGGGUAAGACAUGACAAG
hsa-mir-3130-2,CUUGUCAUGUCUUACCCAGUCUCCGGUGCAGCCUUGACAACAGGCUGCACCGGAGACUGGGUAAGACAUGACAAG
hsa-mir-3136,AAUAUGAAACUGACUGAAUAGGUAGGGUCAUUUUUCUGUGACUGCACAUGGCCCAACCUAUUCAGUUAGUUCCAUAUU
hsa-mir-3140,CCUCUUGAGGUACCUGAAUUACCAAAAGCUUUAUGUAUUCUGAAGUUAUUGAAAAUAAGAGCUUUUGGGAAUUCAGGUAGUUCAGGAGUG
hsa-mir-548t,AGGGUGGUGCAAAAGUGAUCGUGGUUUUUGCAAUUUUUUAAUGACAAAAACCACAAUUACUUUUGCACCAACCU
hsa-mir-3144,AACUACACUUUAAGGGGACCAAAGAGAUAUAUAGAUAUCAGCUACCUAUAUACCUGUUCGGUCUCUUUAAAGUGUAGUU
hsa-mir-3145,UAUAUGAGUUCAACUCCAAACACUCAAAACUCAUUGUUGAAUGGAAUGAGAUAUUUUGAGUGUUUGGAAUUGAACUCGUAUA
hsa-mir-3150a,GGGAAGCAGGCCAACCUCGACGAUCUCCUCAGCACCUGAACGCCAAGGCUGGGGAGAUCCUCGAGGUUGGCCUGCUUUCC
hsa-mir-3151,GGGGUGAUGGGUGGGGCAAUGGGAUCAGGUGCCUCAAAGGGCAUCCCACCUGAUCCCACAGCCCACCUGUCACCCC
hsa-mir-3152,GUGCAGAGUUAUUGCCUCUGUUCUAACACAAGACUAGGCUUCCCUGUGUUAGAAUAGGGGCAAUAACUCUGCAC
hsa-mir-3074,GCUCGACUCCUGUUCCUGCUGAACUGAGCCAGUGUGUAAAAUGAGAACUGAUAUCAGCUCAGUAGGCACCGGAGGGCGGGU
hsa-mir-3156-1,GCAGAAGAAAGAUCUGGAAGUGGGAGACACUUUUACUAUAUAUAGUGGCUCCCACUUCCAGAUCUUUCUCUCUGU
hsa-mir-3157,GGGAAGGGCUUCAGCCAGGCUAGUGCAGUCUGCUUUGUGCCAACACUGGGGUGAUGACUGCCCUAGUCUAGCUGAAGCUUUUCCC
hsa-mir-3158-1,AUUCAGGCCGGUCCUGCAGAGAGGAAGCCCUUCUGCUUACAGGUAUUGGAAGGGCUUCCUCUCUGCAGGACCGGCCUGAAU
hsa-mir-3158-2,AUUCAGGCCGGUCCUGCAGAGAGGAAGCCCUUCCAAUACCUGUAAGCAGAAGGGCUUCCUCUCUGCAGGACCGGCCUGAAU
hsa-mir-3160-1,GGACCUGCCCUGGGCUUUCUAGUCUCAGCUCUCCUCCAGCUCAGCUGGUCAGGAGAGCUGAGACUAGAAAGCCCAGGGCAGGUUC
hsa-mir-3160-2,ACCUGCCCUGGGCUUUCUAGUCUCAGCUCUCCUGACCAGCUGAGCUGGAGGAGAGCUGAGACUAGAAAGCCCAGGGCAGGU
hsa-mir-3162,CUGACUUUUUUAGGGAGUAGAAGGGUGGGGAGCAUGAACAAUGUUUCUCACUCCCUACCCCUCCACUCCCCAAAAAAGUCAG
hsa-mir-3173,UCCCUGCCCUGCCUGUUUUCUCCUUUGUGAUUUUAUGAGAACAAAGGAGGAAAUAGGCAGGCCAGGGA
hsa-mir-323b,UGGUACUCGGAGGGAGGUUGUCCGUGGUGAGUUCGCAUUAUUUAAUGAUGCCCAAUACACGGUCGACCUCUUUUCGGUAUCA
hsa-mir-3177,CCACGUGCCAUGUGUACACACGUGCCAGGCGCUGUCUUGAGACAUUCGCGCAGUGCACGGCACUGGGGACACGUGGCACUGG
hsa-mir-3180-1,CAGUGCGACGGGCGGAGCUUCCAGACGCUCCGCCCCACGUCGCAUGCGCCCCGGGAAAGCGUGGGGCGGAGCUUCCGGAGGCCCCGCCCUGCUG
hsa-mir-3180-2,GCGACGGGCGGAGCUUCCAGACGCUCCGCCCCACGUCGCAUGCGCCCCGGGAAAGCGUGGGGCGGAGCUUCCGGAGGCCCCGCCCUGC
hsa-mir-3180-3,CAGUGCGACGGGCGGAGCUUCCAGACGCUCCGCCCCACGUCGCAUGCGCCCCGGGAAAGCGUGGGGCGGAGCUUCCGGAGGCCCCGCCCUGCUG
hsa-mir-3184,AAGCAAGACUGAGGGGCCUCAGACCGAGCUUUUGGAAAAUAGAAAAGUCUCGCUCUCUGCCCCUCAGCCUAACUU
hsa-mir-3065,CUGCCCUCUUCAACAAAAUCACUGAUGCUGGAGUCGCCUGAGUCAUCACUCAGCACCAGGAUAUUGUUGGAGAGGACAG
hsa-mir-3186,AGCCUGCGGUUCCAACAGGCGUCUGUCUACGUGGCUUCAACCAAGUUCAAAGUCACGCGGAGAGAUGGCUUUGGAACCAGGGGCU
hsa-mir-3156-2,UGCAGAAGAAAGAUCUGGAAGUGGGAGACACUUUCACUAUAUAUAGUGGCUCCCACUUCCAGAUCUUUCUCUCUGUA
hsa-mir-3187,GCUGGCCCUGGGCAGCGUGUGGCUGAAGGUCACCAUGUUCUCCUUGGCCAUGGGGCUGCGCGGGGCCAGC
hsa-mir-3189,GCCUCAGUUGCCCCAUCUGUGCCCUGGGUAGGAAUAUCCUGGAUCCCCUUGGGUCUGAUGGGGUAGCCGAUGC
hsa-mir-3190,CUGGGGUCACCUGUCUGGCCAGCUACGUCCCCACGGCCCUUGUCAGUGUGGAAGGUAGACGGCCAGAGAGGUGACCCCGG
hsa-mir-3191,GGGGUCACCUCUCUGGCCGUCUACCUUCCACACUGACAAGGGCCGUGGGGACGUAGCUGGCCAGACAGGUGACCCC
hsa-mir-3192,GGAAGGGAUUCUGGGAGGUUGUAGCAGUGGAAAAAGUUCUUUUCUUCCUCUGAUCGCCCUCUCAGCUCUUUCCUUCU
hsa-mir-3194,AGGUGGCAGGGCCAGCCACCAGGAGGGCUGCGUGCCACCCGGGCAGCUCUGCUGCUCACUGGCAGUGUCACCU
hsa-mir-548x,AGGUUAGUGCAAAAGUAAUUGCAGUUUUUGCGUUACUUUCAAUCGUAAAAACUGCAAUUACUUUCACACCAAUCU
hsa-mir-3200,GGUGGUCGAGGGAAUCUGAGAAGGCGCACAAGGUUUGUGUCCAAUACAGUCCACACCUUGCGCUACUCAGGUCUGCUCGUGCCCU
hsa-mir-514b,CAUGUGGUACUCUUCUCAAGAGGGAGGCAAUCAUGUGUAAUUAGAUAUGAUUGACACCUCUGUGAGUGGAGUAACACAUG
hsa-mir-2355,CAGACGUGUCAUCCCCAGAUACAAUGGACAAUAUGCUAUUAUAAUCGUAUGGCAUUGUCCUUGCUGUUUGGAGAUAAUACUGCUGAC
hsa-mir-500b,CCCCCUCUCUAAUCCUUGCUACCUGGGUGAGAGUGCUUUCUGAAUGCAGUGCACCCAGGCAAGGAUUCUGCAAGGGGGA
hsa-mir-1233-2,GUGAGUGGGAGGCCAGGGCACGGCAGGGGGAGCUGCAGGGCUAUGGGAGGGGCCCCAGCGUCUGAGCCCUGUCCUCCCGCAG
hsa-mir-3607,AAGGUUGCGGUGCAUGUGAUGAAGCAAAUCAGUAUGAAUGAAUUCAUGAUACUGUAAACGCUUUCUGAUGUACUACUCA
hsa-mir-3613,UGGUUGGGUUUGGAUUGUUGUACUUUUUUUUUUGUUCGUUGCAUUUUUAGGAACAAAAAAAAAAGCCCAACCCUUCACACCACUUCA
hsa-mir-3614,GGUUCUGUCUUGGGCCACUUGGAUCUGAAGGCUGCCCCUUUGCUCUCUGGGGUAGCCUUCAGAUCUUGGUGUUUUGAAUUCUUACU
hsa-mir-3616,UGUCACUCCGCCAGCAUCAUGAAGUGCACUCAUGAUAUGUUUGCCCCAUCAGCGUGUCACGAGGGCAUUUCAUGAUGCAGGCGGGGUUGGCA
hsa-mir-3617,AGGUCAUAGAAAGACAUAGUUGCAAGAUGGGAUUAGAAACCAUAUGUCUCAUCAGCACCCUAUGUCCUUUCUCUGCCCU
hsa-mir-3619,ACGGCAUCUUUGCACUCAGCAGGCAGGCUGGUGCAGCCCGUGGUGGGGGACCAUCCUGCCUGCUGUGGGGUAAGGACGGCUGU
hsa-mir-3622a,AAUAGAGGGUGCACAGGCACGGGAGCUCAGGUGAGGCAGGGAGCUGAGCUCACCUGACCUCCCAUGCCUGUGCACCCUCUAUU
hsa-mir-3622b,AGUGAUAUAAUAGAGGGUGCACAGGCAUGGGAGGUCAGGUGAGCUCAGCUCCCUGCCUCACCUGAGCUCCCGUGCCUGUGCACCCUCUAUUGGCU
hsa-mir-3653,UCCCUGGGGACCCCUGGCAGCCCCUCCUGAUGAUUCUUCUUCCUGAGCACGCUCAUGAUGAGCAAACUGAGCCUCUAAGAAGUUGACUGAAGGGGCUGCUUCCCCAAGGA
hsa-mir-3663,CCCGGGACCUUGGUCCAGGCGCUGGUCUGCGUGGUGCUCGGGUGGAUAAGUCUGAUCUGAGCACCACACAGGCCGGGCGCCGGGACCAAGGGGGCUC
hsa-mir-3664,CUGUAAACUUGAAGGUAGGGAACUCUGUCUUCACUCAUGAGUACCUUCCAACACGAGCUCUCAGGAGUAAAGACAGAGUUCCCUACCUUCAAUGUGGAU
hsa-mir-3667,UGAGGAUGAAAGACCCAUUGAGGAGAAGGUUCUGCUGGCUGAGAACCUUCCUCUCCAUGGGUCUUUCAUCCUCA
hsa-mir-3675,GGAUGAUAAGUUAUGGGGCUUCUGUAGAGAUUUCUAUGAGAACAUCUCUAAGGAACUCCCCCAAACUGAAUUC
hsa-mir-3677,GGCAGUGGCCAGAGCCCUGCAGUGCUGGGCAUGGGCUUCUCGUGGGCUCUGGCCACGGCC
hsa-mir-3678,GAAUCCGGUCCGUACAAACUCUGCUGUGUUGAAUGAUUGGUGAGUUUGUUUGCUCAUUGAUUGAAUCACUGCAGAGUUUGUACGGACCGGAUUC
hsa-mir-3679,CGUGGUGAGGAUAUGGCAGGGAAGGGGAGUUUCCCUCUAUUCCCUUCCCCCCAGUAAUCUUCAUCAUG
hsa-mir-3680-1,AAAUUUAAGGAGGGACUCACUCACAGGAUUGUGCAAAUGCAAAGUUGGCUUUUGCAUGACCCUGGGAGUAGGUGCCUCCUUAAAUUU
hsa-mir-3681,ACUUCCAGUAGUGGAUGAUGCACUCUGUGCAGGGCCAACUGUGCACACAGUGCUUCAUCCACUACUGGAAGU
hsa-mir-3682,UAAGUUAUAUAUGUCUACUUCUACCUGUGUUAUCAUAAUAAAGGUGUCAUGAUGAUACAGGUGGAGGUAGAAAUAUAUAACUUA
hsa-mir-3688-1,UCUUCACUUUCAAGAGUGGCAAAGUCUUUCCAUAUGUAUGUAUGUAUGUCUGUUACACAUAUGGAAAGACUUUGCCACUCUUUAAAGUGAAGA
hsa-mir-3689a,CCUGGGAGGUGUGAUAUCAUGGUUCCUGGGAGGUGUGAUCCUGUGCUUCCUGGGAGGUGUGAUAUCGUGGUUCCUGGG
hsa-mir-3691,UUGAGGCACUGGGUAGUGGAUGAUGGAGACUCGGUACCCACUGCUGAGGGUGGGGACCAAGUCUGCGUCAUCCUCUCCUCAGUGCCUCAA
hsa-mir-3692,CCAUUCCUGCUGGUCAGGAGUGGAUACUGGAGCAAUAGAUACAGUUCCACACUGACACUGCAGAAGUGG
hsa-mir-3689b,GAUCCUGUGCUCCCUGGGGGGUCUGAUCCUGUGCUUCCUGGGAGGUGUGAUAUCAUGGUUCCUGGGAGGUGUGAUCCCGUGCUUCCUGGGAGGUGUGAUAUUGUGGUUCCUGGGAGGUGUGAUCCCGUGCUCCCUGGGAGGUGUGAUC
hsa-mir-3912,AGAGAGGAAUGAACAGUUAAAUUAUAACAUGUCCAUAUUAUGGGUUAGUUGUGGACACAUACUAACGCAUAAUAUGGACAUGUUAUAAUUUAACUGUUCCUUUCU
hsa-mir-3913-1,UUGUUUAUAAUAAACUGAAAUAUUUGGGACUGAUCUUGAUGUCUGCCAAAACCUUGGCAGACAUCAAGAUCAGUCCCAAAUAUUUCAGUUUAUUAUAGACAG
hsa-mir-3913-2,UGUCUAUAAUAAACUGAAAUAUUUGGGACUGAUCUUGAUGUCUGCCAAGGUUUUGGCAGACAUCAAGAUCAGUCCCAAAUAUUUCAGUUUAUUAUAAACA
hsa-mir-3150b,GAGGGAAAGCAGGCCAACCUCGAGGAUCUCCCCAGCCUUGGCGUUCAGGUGCUGAGGAGAUCGUCGAGGUUGGCCUGCUUCCCCUC
hsa-mir-3922,GGAAGAGUCAAGUCAAGGCCAGAGGUCCCACAGCAGGGCUGGAAAGCACACCUGUGGGACUUCUGGCCUUGACUUGACUCUUUC
hsa-mir-3925,GUGGGAAUAGCAAGAGAACUGAAAGUGGAGCCUGUCACAUCUCCAGACUCCAGUUUUAGUUCUCUUGCUAUUUCCAC
hsa-mir-3927,UGCCAAUGCCUAUCACAUAUCUGCCUGUCCUAUGACAAACAUGGCAGGUAGAUAUUUGAUAGGCAUUGGCA
hsa-mir-676,GCAUGACUCUUCAACCUCAGGACUUGCAGAAUUAAUGGAAUGCUGUCCUAAGGUUGUUGAGUUGUGC
hsa-mir-3928,GCUGAAGCUCUAAGGUUCCGCCUGCGGGCAGGAAGCGGAGGAACCUUGGAGCUUCGGC
hsa-mir-3934,CACAGCCCUUCCUGUCCCCAGUUUUCAGGUGUGGAAACUGAGGCAGGAGGCAGUGAAGUAACUUGCUCAGGUUGCACAGCUGGGAAGUGGAGCAGGGAUUUGAAUCC
hsa-mir-3942,UCUUCAGUAUGACACCUCAAAGAAGCAAUACUGUUACCUGAAAUAGGCUGCGAAGAUAACAGUAUUUCAGAUAACAGUAUUACAUCUUUGAAGUGUCAUAUUCACUGAC
hsa-mir-3944,UCCACCCAGCAGGCGCAGGUCCUGUGCAGCAGGCCAACCGAGAAGCGCCUGCGUCUCCCAUUUUCGGGCUGGCCUGCUGCUCCGGACCUGUGCCUGAUCUUAAUGCUG
hsa-mir-374c,ACACGGACAAUGAUAAUACAACCUGCUAAGUGCUAGGACACUUAGCAGGUUGUAUUAUAUCCAUCCGAGU
hsa-mir-642b,GAGUUGGGAGGUUCCCUCUCCAAAUGUGUCUUGAUCCCCCACCCCAAGACACAUUUGGAGAGGGACCCUCCCAACUC
hsa-mir-550b-1,AGAGACUUGUUGGAGAUGUGCCUGAGGGAGUAAGACACUAUCUUACAACAACAGGGCUCUUACUCCCUCAGGCACUGCACCAGCCAGCAAAGCAUCA
hsa-mir-550b-2,AGAGACUCGCUGGAGAUGUGCCUGAGGGAGUAAGACACUAUCUGACAACAACAGGGCUCUUACUCCCUCAGGCACUGCACCAGCCAGCAAAGCAUCA
hsa-mir-548o-2,UGGUGCAAAAGUAAUUGCGGUUUUUGCCAUUAAAAGUAAUGCGGCCAAAACUGCAGUUACUUUUGCACCC
hsa-mir-4423,AUCAUGUACUGCAGUUGCCUUUUUGUUCCCAUGCUGUUUAAGCCUAGCAUAGGCACCAAAAAGCAACAACAGUAUGUGAA
hsa-mir-548ad,CUGUUAGGUUGGUGCAAAAGUAAUUGUGGUUUUUGAAAGUAACUUGGCGAAAACGACAAUGACUUUUGCACCAAUCUAAUAC
hsa-mir-4433a,CAUCCUCCUUACGUCCCACCCCCCACUCCUGUUUCUGGUGAAAUAUUCAAACAGGAGUGGGGGUGGGACAUAAGGAGGAUA
hsa-mir-548ae-2,UGUGCAAAAGUAAUUGUGGUUUUUGUCAUUUAAAAGUAAUGGCAAAAACUGCAAUUACUUUCACACC
hsa-mir-4445,UUCCUGCAGAUUGUUUCUUUUGCCGUGCAAGUUUAAGUUUUUGCACGGCAAAAGAAACAAUCCAGAGGGU
hsa-mir-4446,CUGGUCCAUUUCCCUGCCAUUCCCUUGGCUUCAAUUUACUCCCAGGGCUGGCAGUGACAUGGGUCAA
hsa-mir-548ah,AGGUUGGUGCAAAAGUGAUUGCAGUGUUUGCCAAUAAAAGUAAUGACAAAAACUGCAGUUACUUUUGCACCAGCCC
hsa-mir-548aj-2,AAGGUAUUAGGUUGGUGCAAAAGUAAUUGCAGUUUUUGCUAUUACUUUUAAUGGUAAAAACUGCAAUUACUUUUACACCAACCUAAUAUUUA
hsa-mir-4474,UUGCCUACCUUGUUAGUCUCAUGAUCAGACACAAAUAUGGCUCUUUGUGGCUGGUCAUGAGGCUAACAAGGUAGGCAC
hsa-mir-4482,AGUGAGCAACCCAGUGGGCUAUGGAAAUGUGUGGAAGAUGGCAUUUCUAUUUCUCAGUGGGGCUCUUACC
hsa-mir-4485,AGAGGCACCGCCUGCCCAGUGACAUGCGUUUAACGGCCGCGGUACCCUAACUGUGCA
hsa-mir-4520-1,GUGUGCCACCUGCGUGUUUUCUGUCCAAAUCAGAAAAGGAUUUGGACAGAAAACACGCAGGAAGAAGGAA
hsa-mir-4524a,GAACGAUAGCAGCAUGAACCUGUCUCACUGCAGAAUUAUUUUGAGACAGGCUUAUGCUGCUAUCCUUCA
hsa-mir-4529,AUGACAGGCCAUCAGCAGUCCAAUGAAGACAUGAAGACCCAAUGUCUUCAUUGGACUGCUGAUGGCCCGUCACUGGGA
hsa-mir-548am,AGUUGGUGCAAAAGUAAUUGCGGUUUUUGCCGUCGAAAAUAAUGGCAAAAACUGCAGUUACUUUUGUACCAAUG
hsa-mir-4536-1,AUGUGGUAGAUAUAUGCACGAUAUAUAUACUGCCCUGCUUUUAUACAUACAUACAUACAUACCUAUAUCGUGCAUAUAUCUACCACAU
hsa-mir-4633,UGGCAAGUCUCCGCAUAUGCCUGGCUAGCUCCUCCACAAAUGCGUGUGGAGGAGCUAGCCAGGCAUAUGCAGAGCGUCA
hsa-mir-4638,GACUCGGCUGCGGUGGACAAGUCCGGCUCCAGAACCUGGACACCGCUCAGCCGGCCGCGGCAGGGGUC
hsa-mir-4645,UGAUAGGGAAACCAGGCAAGAAAUAUUGUCUCCUCAAGUUGCGACGAGACAGUAGUUCUUGCCUGGUUUCUCUAUCA
hsa-mir-4650-1,UUCUGUAGAGAUUAUCAGGCCUCUUUCUACCUUCCAAGGCUCAGAAGGUAGAAUGAGGCCUGACAUAUCUGCAGGA
hsa-mir-4650-2,UUCUGUAGAGAUUAUCAGGCCUCUUUCUACCUUCCAAGGCUCAGAAGGUAGAAUGAGGCCUGACAUAUCUGCAGGA
hsa-mir-4652,UAUUGGACGAGGGGACUGGUUAAUAGAACUAACUAACCAGAACUAUUUUGUUCUGUUAACCCAUCCCCUCAUCUAAUA
hsa-mir-4653,UUGUCCAAUUCUCUGAGCAAGGCUUAACACCAAAGGGUUAAGGGUUUGCUCUGGAGUUAAGGGUUGCUUGGAGAAUUGGAGAA
hsa-mir-4655,CCAAGGGCACACCGGGGAUGGCAGAGGGUCGUGGGAAAGUGUUGACCCUCGUCAGGUCCCCGGGGAGCCCCUGG
hsa-mir-4659a,GAAACUGCUGAAGCUGCCAUGUCUAAGAAGAAAACUUUGGAGAAAAAUUUUCUUCUUAGACAUGGCAACGUCAACAGUUUC
hsa-mir-4661,UUUACUCUGAACUAGCUCUGUGGAUCCUGACAGACAGCCUGAUAGACAGGAUCCACAGAGCUAGUCCAGAGUAAA
hsa-mir-4662a,UCUAUUUAGCCAAUUGUCCAUCUUUAGCUAUUCUGAAUGCCUAAAGAUAGACAAUUGGCUAAAUAGA
hsa-mir-4659b,CUGUUGACGUUGCCAUGUCUAAGAAGAAAAUUUUUCUCCAAAGUUUUCUUCUUAGACAUGGCAGCUUCAGCAG
hsa-mir-4664,GUUGGGGGCUGGGGUGCCCACUCCGCAAGUUAUCACUGAGCGACUUCCGGUCUGUGAGCCCCGUCCUCCGC
hsa-mir-4665,CUCGAGGUGCUGGGGGACGCGUGAGCGCGAGCCGCUUCCUCACGGCUCGGCCGCGGCGCGUAGCCCCCGCCACAUCGGG
hsa-mir-4666a,AUCACUUAAAUACAUGUCAGAUUGUAUGCCUACAAAAUCCCUCCAGACUGGCAUACAAUCUGACAUGUAUUUAAGAGAU
hsa-mir-4668,AGGGAAAAAAAAAAGGAUUUGUCUUGUAGCCAGGAUAUUGUUUUAAAGAAAAUCCUUUUUGUUUUUCCAG
hsa-mir-219b,GGAGCUCAGCCACAGAUGUCCAGCCACAAUUCUCGGUUGGCCGCAGACUCGUACAAGAAUUGCGUUUGGACAAUCAGUGGCGAAGCCC
hsa-mir-4670,CUCUAGGAAGCGACCAUGAUGUAACUUCACAGACUCUCCAAAAGUCUGAAGUUACAUCAUGGUCGCUUCCUAGAG
hsa-mir-4671,UAUUUUAAGACCGAAGACUGUGCGCUAAUCUCUUAGCACUGAAGAUUAGUGCAUAGUCUUUGGUCUCAAAAUA
hsa-mir-4676,UGAAUGAAAGAGCCAGUGGUGAGACAGUGAGUUGAUUACUUCUCACUGUUUCACCACUGGCUCUUUGGUUCA
hsa-mir-4677,GCAAAGCAGCAAUUGUUCUUUGGUCUUUCAGCCAUGACCUGACCUUCUGUCUGUGAGACCAAAGAACUACUUUGCUUGGC
hsa-mir-4680,UAUAAGAACUCUUGCAGUCUUAGAUGUUAUAAAAAUAUAUAUCUGAAUUGUAAGAGUUGUUAGCAC
hsa-mir-4684,GCACCAGGGGUACCUCUCUACUGACUUGCAACAUACAUUUGUCUUGGUGUGUUGCAAGUCGGUGGAGACGUACCCUUGGUGC
hsa-mir-4687,ACCUGAGGAGCCAGCCCUCCUCCCGCACCCAAACUUGGAGCACUUGACCUUUGGCUGUUGGAGGGGGCAGGCUCGCGGGU
hsa-mir-1343,GCUGGCGUCGGUGCUGGGGAGCGGCCCCCGGGUGGGCCUCUGCUCUGGCCCCUCCUGGGGCCCGCACUCUCGCUCUGGGCCCGC
hsa-mir-4691,GGAGCACUCCCAGGUCCUCCAGGCCAUGAGCUGCGGCCCUGAUGUCUCUACUCCAGCCACGGACUGAGAGUGCAUAGGAGUGUCC
hsa-mir-4693,GUUUAAAGAAUACUGUGAAUUUCACUGUCACAAAUUCAAAUAAAGUGAGAGUGGAAUUCACAGUAUUUAAGGAAU
hsa-mir-4694,CAAAUACAUAGGUGUUAUCCUAUCCAUUUGCCUCUCUCAGAAAAUAGAGUCAAAUGGACAGGAUAACACCUAUGUAUUUG
hsa-mir-4695,CCUGCAGGAGGCAGUGGGCGAGCAGGCGGGGCAGCCCAAUGCCAUGGGCCUGAUCUCACCGCUGCCUCCUUCCC
hsa-mir-4697,GGGCCCAGAAGGGGGCGCAGUCACUGACGUGAAGGGACCACAUCCCGCUUCAUGUCAGUGACUCCUGCCCCUUGGUCU
hsa-mir-4699,AGCAAUUGGAGAAGAUUGCAGAGUAAGUUCCUGAUUAAGAAAUGGAAUUUACUCUGCAAUCUUCUCCAAUUGCU
hsa-mir-4700,UCAGUGAGGUCUGGGGAUGAGGACAGUGUGUCCUGAAAUUCACAGGACUGACUCCUCACCCCAGUGCACGAGGA
hsa-mir-4703,UUAUGCAUAUUAGCAAUACAGUACAAAUAUAGUGUGUUUGAUUUGCACUGUAGUUGUAUUGUAUUGCCACUCUGUAUAA
hsa-mir-4704,CUUAUCCUAGACACUAGGCAUGUGAGUGAUUGUCUUCCUCACUCAAUCAGUCACAUAUCUAGUGUCUAGAAUGAG
hsa-mir-4707,GGUUCCGGAGCCCCGGCGCGGGCGGGUUCUGGGGUGUAGACGCUGCUGGCCAGCCCGCCCCAGCCGAGGUUCUCGGCACC
hsa-mir-4708,UUUAGGAGAGAGAUGCCGCCUUGCUCCUUGAACAGGAGGAGCAAGGCGGCAUCUCUCUGAUACUAAA
hsa-mir-4709,CUGCUUCAACAACAGUGACUUGCUCUCCAAUGGUAUCCAGUGAUUCGUUGAAGAGGAGGUGCUCUGUAGCAG
hsa-mir-203b,GCGCCCGCCGGGUCUAGUGGUCCUAAACAUUUCACAAUUGCGCUACAGAACUGUUGAACUGUUAAGAACCACUGGACCCAGCGCGC
hsa-mir-4711,AAAUGUGCAUCAGGCCAGAAGACAUGAGCCCUUUGGAAAGGUCUCGUGUCUUCUGGCUUGAUGCACAUUU
hsa-mir-4712,GACAGGAUUCCAGUACAGGUCUCUCAUUUCCUUCAUGAUUAGGAAUACUACUUUGAAAUGAGAGACCUGUACUGUAUCUGUU
hsa-mir-4713,GUCCCCAUUUUUCUCCCACUACCAGGCUCCCAUAAGGGUCGAAUGGGAUCCAGACAGUGGGAGAAAAAUGGGGAC
hsa-mir-4714,AUUUUGGCCAACUCUGACCCCUUAGGUUGAUGUCAGAAUGAGGUGUACCAACCUAGGUGGUCAGAGUUGGCCAAAAU
hsa-mir-4715,GGGGAAUGAAAGUUGGCUGCAGUUAAGGUGGCUAAUCAGCUGAUGGUGCCACCUUAACUGCAGCCAAUUCUAAUUCCCC
hsa-mir-4716,CAUACUUUGUCUCCAUGUUUCCUUCCCCCUUCUGUAUACAUGUAUACAGGAGGAAGGGGGAAGGAAACAUGGAGACAAAGUGUG
hsa-mir-3529,GGCACCAUUAGGUAGACUGGGAUUUGUUGUUGAGCGCAGUAAGACAACAACAAAAUCACUAGUCUUCCAGAUGGGGCC
hsa-mir-4717,GGCAGUGUUUAGGCCACAGCCACCCAUGUGUAGGGGUGGCUACACAUGGGUGGCUGUGGCCUAAACACUGCC
hsa-mir-4720,AAGCCUGGCAUAUUUGGUAUAACUUAAGCACCAGGUAAAAUCUGGUGCUUAAGUUGUACCAAGUAUAGCCAAGUUU
hsa-mir-4520-2,CCUGCGUGUUUUCUGUCCAAAUCCUUUUCUGAUUUGGACAGAAAACACGCAGGU
hsa-mir-4724,ACGCAAAAUGAACUGAACCAGGAGUGAGCUUCGUGUACAUUAUCUAUUAGAAAAUGAAGUACCUUCUGGUUCAGCUAGUCCCUGUGCGU
hsa-mir-4725,GUGUCUCUCUGGAGACCCUGCAGCCUUCCCACCCACCAGGGAGCUUUCCAUGGGCUGUGGGGAAGGCGUCAGUGUCGGGUGAGGGAACAC
hsa-mir-4727,AAUCUGCCAGCUUCCACAGUGGCAGAUUUUCCCAUAGUGGGAAGCUGGCAGAUUC
hsa-mir-4731,CCCUGCCAGUGCUGGGGGCCACAUGAGUGUGCAGUCAUCCACACACAAGUGGCCCCCAACACUGGCAGGG
hsa-mir-4732,GAGGGAGCUGUAGAGCAGGGAGCAGGAAGCUGUGUGUGUCCAGCCCUGACCUGUCCUGUUCUGCCCCCAGCCCCUC
hsa-mir-4733,GGUCGCUUAAAUCCCAAUGCUAGACCCGGUGGCAAUCAAGGUCUAGCCACCAGGUCUAGCAUUGGGAUUUAAGCCC
hsa-mir-4735,UGCAGUGCCUAAUUUGAACACCUUCGGUAUUCAUCAAAAAUACCAAAGGUGCUCAAAUUAGACAUUGCA
hsa-mir-4738,GGUCGCAUUUCUCCUUCUUACCAGCGCGUUUUCAGUUUCAUAGGGAAGCCUUUCCAUGAAACUGGAGCGCCUGGAGGAGAAGGGGCC
hsa-mir-4740,GCCAAGGACUGAUCCUCUCGGGCAGGGAGUCAGAGGGGACCGCCCGAGAGGAUCCGUCCCUGC
hsa-mir-3591,CAGUAGCUAUUUAGUGUGAUAAUGGCGUUUGAUAGUUUAGACACAAACACCAUUGUCACACUCCACAGCUCUG
hsa-mir-4746,GUGUCUGUGCCGGUCCCAGGAGAACCUGCAGAGGCAUCGGGUCAGCGGUGCUCCUGCGGGCCGACACUCAC
hsa-mir-4753,AUAUCUACACAAGGCCAAAGGAAGAGAACAGAUAUAUCCACAGUACACUUGGCUGUUCUCUUUCUUUAGCCUUGUGUAGAUAU
hsa-mir-371b,GGUAACACUCAAAAGAUGGCGGCACUUUCACCAGAGAGCAGAAAGUGCCCCCACAGUUUGAGUGCC
hsa-mir-4755,AGAUUCAGCUUUCCCUUCAGAGCCUGGCUUUGGCAUCUAUGAAAGCCAGGCUCUGAAGGGAAAGUUGAAUCU
hsa-mir-499b,GGAAGCAGCACAGACUUGCUGUGAUGUUCACGUGGAGAGGAGUUAAACAUCACUGCAAGUCUUAACAGCCGCC
hsa-mir-4756,GGGAUAAAAUGCAGGGAGGCGCUCACUCUCUGCUGCCGAUUCUGCACCAGAGAUGGUUGCCUUCCUAUAUUUUGUGUC
hsa-mir-4757,UUCCAGCCCGAGGCCUCUGUGACGUCACGGUGUCUGCGGGAGGAGACCAUGACGUCACAGAGGCUUCGCGCUCUGAG
hsa-mir-4760,GCCAUGGUGUUUAGAUUGAACAUGAAGUUAGAAUUCUUAAGUAUCAAAACUAAAUUCAUGUUCAAUCUAAACCCCAUGGC
hsa-mir-4761,GGACAAGGUGUGCAUGCCUGACCCGUUGUCAGACCUGGAAAAAGGGCCGGCUGUGGGCAGGGAGGGCAUGCGCACUUUGUCC
hsa-mir-4762,CUGAUACCCCAAAUCUUGAUCAGAAGCCUUGAUCAGAAGCUAGGAAGGCUUCUGAUCAAGAUUUGUGGUGUCAAG
hsa-mir-4763,CCUGUCCCUCCUGCCCUGCGCCUGCCCAGCCCUCCUGCUCUGGUGACUGAGGACCGCCAGGCAGGGGCUGGUGCUGGGCGGGGGGCGGCGGG
hsa-mir-4764,UCUUCCCCAUGGAUGUGGAAGGAGUUAUCUGUCACCAGUCAGAUAACUGUCACCAGUCAGUUAACUCCUUUCACACCCAUGGGGAAGA
hsa-mir-4766,CUGAAGCUCCUUCUGAAAGAGCAGUUGGUGUUUAUUUUUUACUAAAUAGCAAUUGCUCUUUUGGAAGGAACUUGAG
hsa-mir-4768,AAACUUUGAUUCUCUCUGGAUCCCAUGGAUAUGGGAACUGUGAUGUCCAGGAGAUCCAGAGAGAAUCAGAGUUU
hsa-mir-4769,GAGGAGAGGUGGGAUGGAGAGAAGGUAUGAGCUAAAAAUCCCCAAGCUCUGCCAUCCUCCCUCCCCUACUUCUCCCC
hsa-mir-4772,GUGAUUGCCUCUGAUCAGGCAAAAUUGCAGACUGUCUUCCCAAAUAGCCUGCAACUUUGCCUGAUCAGAGGCAGUCAC
hsa-mir-4774,UAUAUUGUUGUCUGGUAUGUAGUAGGUAAUAACUGACAAACAGACAAUUGCCUAACAUGUGCCAGAAAACAACAUA
hsa-mir-4776-1,CUAUAUGCAGUGGACCAGGAUGGCAAGGGCUCUCCUGAAAGGACAGUAGAGCCCUUGCCAUCCUGGUCCACUGCAUAUAG
hsa-mir-4776-2,CUAUAUGCAGUGGACCAGGAUGGCAAGGGCUCUACUGUCCUUUCAGGAGAGCCCUUGCCAUCCUGGUCCACUGCAUAUAG
hsa-mir-4777,UAGAAUAUUUCGGCAUUCUAGAUGAGAGAUAUAUAUAUACCUCAUAUGUAUAUGGUAUACCUCAUCUAGAAUGCUGUAAUAUUCUA
hsa-mir-4778,UCACAUGUCCAAUUCUGUAAAGGAAGAAGAGGUAAGAAGAAGUGAAGCCCUCUUCUUCCUUUGCAGAGUUGAAUAUGUGG
hsa-mir-4436b-1,GUGUCCUCACUUGUCCACUUCUGCCUGCCCUGCCCAAAUGGUGGAGCAGAUUCGAGGGGCAGGGCAGGAAGAAGUGGACAAGUGAGGCCAU
hsa-mir-4781,AGGUGCACGCUCUAGCGGGGAUUCCAAUAUUGGGCCAAUUCCCCCAAUGUUGGAAUCCUCGCUAGAGCGUGCACUU
hsa-mir-4782,AUUGCCCAGUUCUGGAUAUGAAGACAAUCAAGAAAAGAUUUGGUGUUCUUGAUUGUCUUCAUAUCUAGAACUGGGCAGU
hsa-mir-4783,GGGAAAGCGGAGGGCGCGCCCAGCUCCCGGGCUGAUUGCGCUAACAGUGGCCCCGGUGUUGGGGCGCGUCUGCCGCUGCCCC
hsa-mir-1245b,UUUAUAUGUAGGCCUUUAGAUCACUUAAAGAGUAUUCAACAUCAGAUGAUCUAAAGGCCUAUACAUAAA
hsa-mir-2467,GGACAGGCACCUGAGGCUCUGUUAGCCUUGGCUCUGGGUCCUGCUCCUUAGAGCAGAGGCAGAGAGGCUCAGGGUCUGUCU
hsa-mir-4786,GGGCAUGGCCUGAGACCAGGACUGGAUGCACCACUCUCCCUGUGAUGAGGUGAAGCCAGCUCUGGUCUGGGCCAUUUCAC
hsa-mir-4787,CGGUCCAGACGUGGCGGGGGUGGCGGCGGCAUCCCGGACGGCCUGUGAGGGAUGCGCCGCCCACUGCCCCGCGCCGCCUGACCG
hsa-mir-4789,CAUGCUACGUAUGUAUACACCUGAUAUGUGUAUGUGUAAAUACAUAUCCACACACAUAGCAGGUGUAUAUAUAGGUAGCCUG
hsa-mir-4790,CAAUGUGACAUCGCUUUACCAUUCAUGUUCACUGAAAGGUAGAUUUUAAAAACAUGAAUGGUAAAGCGAUGUCACAUUG
hsa-mir-4793,UUUCUCCUCGCUGCCCGCACAUCCUGCUCCACAGGGCAGAGGGAGGCCAAGAAGACCUCUGCACUGUGAGUUGGCUGGCUGGAGGAA
hsa-mir-4795,UGAUAUGGAAGAAAUCCAGAAGUGGCUAAUAAUAUUGACACUAUAACAAUAAUGUCAAUAUUAUUAGCCACUUCUGGAUUUAUGAAUCA
hsa-mir-4796,UAAAUUUGUGUCUAUACUCUGUCACUUUACUUUUGGCCUCAAGUCAUUGCAGUAAAGUGGCAGAGUAUAGACACAAAUUUA
hsa-mir-4797,GACUCAGAAGACAGAGUGCCACUUACUGAAAGGUUUUUUCUCUCAGUAAGUGGCACUCUGUCUUCUGAGUU
hsa-mir-4798,AAGUACAACUUCGGUAUACUUUGUGAAUUGGCUUUUACAAAAGACCAACUCACGAAGUAUACCGAAGUCAUACUU
hsa-mir-4799,ACUGCUAAUAUCUAAAUGCAGCAUGCCAGUCCUGAGAUGCAGGGACUGGCAUGCUGCAUUUAUAUAUUAGCAGU
hsa-mir-3688-2,UCACUUUAAAGAGUGGCAAAGUCUUUCCAUAUGUGUAACAGACAUACAUACAUACAUAUGGAAAGACUUUGCCACUCUUGAAAGUGA
hsa-mir-4800,GGAGAAAGGAGUGGACCGAGGAAGGAAGGAAGGCAAGGCUGUCUGUCCAUCCGUCCGUCUGUCCACCUACCUGUCAGUCC
hsa-mir-4802,CUGACUGGCUUGUAUGGAGGUUCUAGACCAUGUUAGUGUUCAAGUCUACAUGGAUGGAAACCUUCAAGCAGGCCAAGCAG
hsa-mir-4804,UCAGUGUAUUUGGACGGUAAGGUUAAGCAAGGUGCGUCGUAUCUUGCUUAACCUUGCCCUCGAAAUACACUGA
hsa-mir-4999,AUAGAAAAUAAAACACAUACUGCUGUAUUGUCAGGUAGUGAUAGGAUUUAUCACUACCUGACAAUACAGUAUGUGUUUGUUUUAUAUAUUU
hsa-mir-5000,CUGAAGAGUAGAGUGUGUGGUCCCAGUUCAGAAGUGUUCCUGAGUAACUUGUGCUUAUAACUCAGGACACUUCUGAACUUGGACCAUACAGGUCUCCCUGCUU
hsa-mir-5001,AGCUCAGGGCGGCUGCGCAGAGGGCUGGACUCAGCGGCGGAGCUGGCUGCUGGCCUCAGUUCUGCCUCUGUCCAGGUCCUUGUGACCCGCCCGCUCUCCU
hsa-mir-5002,UCUUCCUCUCUGUCCUCUGGAAUUUGGUUUCUGAGGCACUUAGUAGGUGAUAGCAUGACUGACUGCCUCACUGACCACUUCCAGAUGAGGGUUACUC
hsa-mir-5003,AUGAGUUUGCUUUGUGUCAUCCUCACAACAACCUUGCAGGGUAGAGAUGAUUUUUCCUACUUUUCUAGGUUGUUGGGGGCUGGGGCAGGGGGAACAGAG
hsa-mir-548ao,AACUAUUCUUAGGUUGAUGCAGAAGUAACUACGGUUUUUGCAGUUGAAAGUAAUGGCAAAGACCGUGACUACUUUUGCAACAGCCUAAUAGUUUCU
hsa-mir-5007,GGUAAACCUUGGUGACUAAUUAGAGUCUGGCUGAUAUGGUUUGACACAGAGCUAAAUCAUAUGAACCAAACUCUAAUUAGUCAAUAAUUUCUGUU
hsa-mir-548ap,ACCAAUUCCUAGGUUGGUGCAAAAGUAAUUGCGGUCUUUGUCAUUAAAACCAAUAACAAAAACCACAAUUACUUUUUACUGACCUAAAGAUUAAUU
hsa-mir-5008,GGGCUGACCCCUAGGGUCAGGUGAGGCCCUUGGGGCACAGUGGUGCCAUCUCCCCUGUGCUCCCAGGGCCUCGCCUGUCCCUUGAGGUCGGCCC
hsa-mir-5009,GACCAGAAGUGUUUUGGAUUUUGGACUUUUUCAGAUUUGGGGAUAUUUGCAUUAUACUUAUCCUAAAUCUGAAAGUCCAAAACCUGAAAUGACCAAUAAG
hsa-mir-5011,AGAUGGUAUUGAGUGGAUGCUGUUAUAUAUACAGCCAUGCACUCUGUAGUUUGGGUACACAGUGCAUGGCUGUAUAUAUAACACUAUCCAUUCAUCUUUCAGC
hsa-mir-5089,AAGGACUUCAGUGGGAUUUCUGAGUAGCAUCCUUGGAAUCUGCACUCAAGGGAUGCUACUCGGAAAUCCCACUGAAGUCCUUUU
hsa-mir-1273g,GAGGUGGGAGGAUUGCUUGAGUCAGGGUGGUUGAGGCUGCAGUAAGUUGUGAUCAUACCACUGCACUCCAGCCUGAGUGACAGAGCAAGACCUUGUCUCA
hsa-mir-5189,GGCCCGCCUUUUAGGGGCCUCGCUGUCUGGGCACAGGCGGAUGGACAGGCUGGCCUCUGGAUGACCUGCCAACCGUCAGAGCCCAGACCCACGUGGCCUCAGUUGGGGACCAGG
hsa-mir-5195,GAGCAAAAACCAGAGAACAACAUGGGAGCGUUCCUAACCCCUAAGGCAACUGGAUGGGAGACCUGACCCAUCCAGUUCUCUGAGGGGGCUCUUGUGUGUUCUACAAGGUUGUUCA
hsa-mir-5197,UAUGGGAUUCCACAGACAAUGAGUAUCAAUGGCACAAACUCAUUCUUGAAUUUUUGCCAGUUCAAGAAGAGACUGAGUCAUCGAAUGCUCUAAAUGUCACUUCACCUCAUGU
hsa-mir-4436b-2,GUGUCCUCACUUGUCCACUUCUGCCUGCCCUGCCCAAAUGGUGGAGCAGAUUCGAGGGGCAGGGCAGGAAGAAGUGGACAAGUGAGGCCAU
hsa-mir-3680-2,AAAUUUAAGGAGGGACUCACUCACAGGAUUGUGCAAAUGCAAAGUUGGCUUUUGCAUGACCCUGGGAGUAGGUGCCUCCUUAAAUUU
hsa-mir-4524b,UAGCUGGGUGGAUGUGUUCUUUUGAAGGAUAGCAGCAUAAGCCUGUCUCAAAAUAAUUCUGCAGUGAGACAGGUUCAUGCUGCUAUCGUUCCAAAGAGGAAGGGUAAUCACUGUC
hsa-mir-5571,AUCUGACACAAAAUGUGAACCAAGCAAUUCUCAAAGGAGCCUCCCAGGAAAUUCACUUUAGGAAGUCCUAGGAGGCUCCUCUGAGAGUUGCUAAAACAAAACAUUGAGAGUCC
hsa-mir-548aq,GAAAGUAAUUGCUGUUUUUGCCAUUACUUUCAGUGGCAAAAACUGCAAUUACUUUUGC
hsa-mir-548ar,AAAAGUAAUUGCAGUUUUUGCUGUUGAACGUAGUGGUAAAACUGCAGUUAUUUUUGC
hsa-mir-548as,AAAAGUAAUUGCGGGUUUUGCCGUUGCUUUUAAUGGUAAAACCCACAAUUAUGUUUGU
hsa-mir-5579,UAUGGUACUCCUUAAGCUAACAGGCCCCUGUCACCAUUAGCUUAAGGAGUACCAGAUC
hsa-mir-664b,UGGGCUAAGGGAGAUGAUUGGGUAGAAAGUAUUAUUCUAUUCAUUUGCCUCCCAGCCUACA
hsa-mir-5580,UGCUGGCUCAUUUCAUAUGUGUGCUGAGAAAAUUCACACAUAUGAAGUGAGCCAGCAC
hsa-mir-5581,AGCCUUCCAGGAGAAAUGGAGACCCUAUACAUACCUGUUUCCAUGCCUCCUAGAAGUUCC
hsa-mir-548at,AAAAGUUAUUGCGGUUUUGGCUGCCAAAAGAAAUGGCCAAAACCGCAGUAACUUUUGU
hsa-mir-5582,UAGGCACACUUAAAGUUAUAGCUACAUCAGUUAUAACUAUAUCAGUUAAAACUUUAAGUGUGCCUAGG
hsa-mir-5583-1,AAACUAAUAUACCCAUAUUCUGGCUAGGUGAUCAUCAGAAUAUGGGUAUAUUAGUUUGG
hsa-mir-5583-2,AAACUAAUAUACCCAUAUUCUGAUGAUCACCUAGCCAGAAUAUGGGUAUAUUAGUUUGG
hsa-mir-5584,CAGGGAAAUGGGAAGAACUAGAUUUGAAUCCAGACCUUUAGUUCUUCCCUUUGCCCAAUU
hsa-mir-5585,UGAAGUACCAGCUACUCGAGAGGUCAGAGGAUUGCUCCUGAAUAGCUGGGACUACAGGU
hsa-mir-5586,UAUCCAGCUUGUUACUAUAUGCUUUUUAAAUGGGGCACAGAGUGACAAGCUGGUUAAAG
hsa-mir-5587,AUGGUCACCUCCGGGACUCAGCCCUGUGCUGAGCCCCGGGCAGUGUGAUCAUC
hsa-mir-548au,AAAAGUAAUUGCGGUUUUUGCUAUUGGUUUUAAUGGCAGUUACUUUUGCACCAG
hsa-mir-1295b,CACCCAGAUCUGCGGCCUAAUCACAGGCCACAUUUCUGAAUAGGCCACGGAUCUGGGCAA
hsa-mir-5588,ACUGGCAUUAGUGGGACUUUUUUUUUUUUUUUUUUUAAUGUUAAAAGUCCCACUAAUGCCAGC
hsa-mir-5589,GGCUGGGUGCUCUUGUGCAGUGAGCAACCUACACAACUGCACAUGGCAACCUAGCUCCCA
hsa-mir-4536-2,AUGUGGUAGAUAUAUGCACGAUAUAGGUAUGUAUGUAUGUAUGUAUAAAAGCAGGGCAGUAUAUAUAUCGUGCAUAUAUCUACCACAU
hsa-mir-5590,UUGCCAUACAUAGACUUUAUUGUGUUGAUCAACAAUAAAGUUCAUGUAUGGCAA
hsa-mir-5591,UGGGAGCUAAGCUAUGGGUAUACUGAGCUUAUGUAUGCAUCUGCAUACCCAUAGCUUAGCUCCCA
hsa-mir-548av,AAAAGUACUUGCGGAUUUGCCAUCACCUUUACCUUUAAUGGCAAAACUGCAGUUACUUUUGC
hsa-mir-5699,CUGUACCCCUGCCCCAACAAGGAAGGACAAGAGGUGUGAGCCACACACACGCCUGGCCUCCUGUCUUUCCUUGUUGGAGCAGGGAUGUAG
hsa-mir-6499,UCAGUCGGGCGCAAGAGCACUGCAGUUCUGUUGGGUGACAGCAGUGUUUGUUUUGCCCACAG
hsa-mir-548ay,AGAAGAUGCUUACUACUAGGUUGGUGCAAAAGUAAUUGUGGUUUUUGCAUUUAAAGUAAUGGCCAAAACCGCGAUUACUCUUGCACGAACCUAACGGUAACACUUCU
hsa-mir-6500,CCUGCCUGCAGAAAGGAGCUAUCCACUCCAGGUGUCCUUUCUUCUGAGAGCUGGACACUUGUUGGGAUGACCUGCCUGCAGGUAGG
hsa-mir-548az,AGAUUGUAUUAGGUUGGUGCAAAAGUGAUUGUGGUUUUUGCUGUUACUUUUAAUGGCAAAAACUGCAAUCACUUUUGCACCAACCUAAUAAAUUU
hsa-mir-6501,GGAGUUGCCAGGGCUGCCUUUGGUGACAGCAGCAGUAGAGUUGCCAGAGCAGCCUGCGGUAACAGUA
hsa-mir-6502,CAGAGUGGGAGCUCUAGAAAGAUUGUUGACCAAUCAUCUUAUUGACUAGACCAUCUUUCUAGAGUAUAACUAUUUU
hsa-mir-6503,AAUGGUCCCCCCAGGGAGGUCUGCAUUCAAAUCCCCAGAAGCUGAGGAUUAGGGGACUAGGAUGCAGACCUCCCUGGGGGACCAUU
hsa-mir-6504,GCAGUCUGGCUGUGCUGUAAUGCAGUCUGCACCCUGCUGCAUUACAGCACAGCCAUUCUCU
hsa-mir-6506,GACUGGGAUGUCACUGAAUAUGGUGUUUGUGAGUUGAUUGACAUCGUAUCAGAGAUUCCAGACACA
hsa-mir-6507,GGAGGGAAGAAUAGGAGGGACUUUGUAUUGUGGUUCAGUACCAUGCAAAGUCCUUCCUAUUUUUCCCUCC
hsa-mir-6508,UUCCUCUAGAAAUGCAUGACCCACCCUGAGUUUUGGUGGGCCAUGCAUUUCUAGAACUCC
hsa-mir-6509,UUUUUGUGUGUGAAAUUAGGUAGUGGCAGUGGAACACUAUAUUAAUCAGGUUUCCACUGCCACUACCUAAUUUCUCAGAUGGAAA
hsa-mir-6511a-1,CCUGCAGGCAGAAGUGGGGCUGACAGGGCAGAGGGUUGCGCCCCCUCACCAUCCCUUCUGCCUGCAG
hsa-mir-6512,UAUGCUCUUACCAUUAGAAGAGCUGGAAGAAGGCUGAGGGAGAUGCCUUCUUCCAGCCCUUCUAAUGGUAGGAGCAU
hsa-mir-6715b,GGUUGUGCCCACAGGCACGACUGGUUUGGCAAUUCAGUAAAAAUGCUCAAACCGGCUGUGCCUGUGGACGCAGCCCA
hsa-mir-6720,UUGAGCGAGAGAUUGUGGCGCACCGAGUUCUUCCAGCCCUGGUAGGCGCCGCGGAAGAAGGGGAAGCGCGCCUGCAGGAACUGGUAGAUCUCGCUGAG
hsa-mir-6722,GGCCUCAGGCAGGCGCACCCGACCACAUGCAUGGCUGGUGGCGGCGUGCAGGGGUCGGGUGGGCCAGGCUGUGGGGCG
hsa-mir-892c,GGCAGUGCCCUAUUCAGAAAGGUGCCAGUCACUUAGAUUACAUGUCACUGUUUCCUUUCUGAGUGGAGUAGGGCUUA
hsa-mir-6770-1,UAUCCUGAGAAGGCACAGCUUGCACGUGACCUCCUGGGCCUGGCGGCUGUGUCUUCACAG
hsa-mir-6840,UGACCACCCCCGGGCAAAGACCUGCAGAUCCCCUGUUAGAGACGGGCCCAGGACUUUGUGCGGGGUGCCCA
hsa-mir-6859-1,UGUGGGAGAGGAACAUGGGCUCAGGACAGCGGGUGUCAGCUUGCCUGACCCCCAUGUCGCCUCUGUAG
hsa-mir-6862-1,CGAAGCGGGCAUGCUGGGAGAGACUUUGUGAUUUGUCUCCAAAGCCUCACCCAGCUCUCUGGCCCUCUAG
hsa-mir-7107,UGCCGUCGGCCUGGGGAGGAGGAAGGGCAAGUCCAAAGGUAUACAGUUGGUCUGUUCAUUCUCUCUUUUUGGCCUACAAG
hsa-mir-6511a-2,CCUGCAGGCAGAAGUGGGGCUGACAGGGCAGAGGGUUGCGCCCCCUCACCAUCCCUUCUGCCUGCAG
hsa-mir-6511a-3,CCUGCAGGCAGAAGUGGGGCUGACAGGGCAGAGGGUUGCGCCCCCUCACCAUCCCUUCUGCCUGCAG
hsa-mir-6511a-4,CCUGCAGGCAGAAGUGGGGCUGACAGGGCAGAGGGUUGCGCCCCCUCACCAUCCCUUCUGCCUGCAG
hsa-mir-7151,GAUCCAUCUCUGCCUGUAUUGGCUUGGAUUCUGCAAAGCCUACAGGCUGGAAUGGGCUCA
hsa-mir-7152,UUUCCUGUCCUCCAACCAGACCAUGCCACAUCCGUCUGGUCCUGGACAGGAGGC
hsa-mir-7153,UGAGAACUGACAAAUGUGGUAGGUGGUCGAAGUCAUCCACACCAUGGACGGUUUACC
hsa-mir-7154,UUCAUGAACUGGGUCUAGCUUGGAGCCUUGGUAGGGAAGCAAGCUGAGGAGAUAGGAGGACAAGUUGUGGGAU
hsa-mir-7155,UCUGGGGUCUUGGGCCAUCUGGUUGUGACAUCACUGAUGGCCCAAGACCUCAGACC
hsa-mir-7156,UUGUUCUCAAACUGGCUGUCAGAGUGUGCAUGGCAGGCUGCAGCCACUUGGGGAACUGGU
hsa-mir-7157,UCAGCAUUCAUUGGCACCAGAGAUGAAAUUGGGACUCCUCUGUGCUACUGGAUGAAGAGU
hsa-mir-7158,GGCUCAAUCUCUGGUCCUGCAGCCUUCUGCCUUUGGCUUUCUGAAGCGAGCUGAACUAGAGAUUGGGCCCA
hsa-mir-7161,UAAAGACUGUAGAGGCAACUGGUGUUCUCACGCAAAGUGGCCAGGGUGUGGGAGACUAGAUCUUUGACUCUGGCAGUCUCCAGG
hsa-mir-7159,UUCAACAAGGGUGUAGGAUGGCCAGGGAAGUAUGCCGGGCCUUGGCAUUUCUAUGUUAGUUGGAAG
hsa-mir-7160,UGCUGAGGUCCGGGCUGUGCCCCGUACCGGACAGGGCCCUGGCUUUAGCAGA
hsa-mir-486-2,UCCUGUACUGAGCUGCCCCGAGCUGGGCAGCAUGAAGGGCCUCGGGGCAGCUCAGUACAGGAUG
hsa-mir-7162,UGCUUCCUUUCUCAGCUGAACCCCUGCCCCUGGAGCCCCCAGCAGGGCCCUCUGAGGUGGAACAGCAGC
hsa-mir-7843,GUAGACAGGAUGAGGGCAGAGCCAGCUUCCUGAUCUGAUGGAAGUCAUGAAGCCUUCUCUGCCUUACGCUUGGCUCUGC
hsa-mir-4433b,UGUGUUCCCUAUCCUCCUUAUGUCCCACCCCCACUCCUGUUUGAAUAUUUCACCAGAAACAGGAGUGGGGGGUGGGACGUAAGGAGGAUGGGGGAAAGAACA
hsa-mir-1273h,UACUUGGGUGACUAAGGCAGGAUUGCUUGAGCCUGGGAGGUCAAGGCUGCAGUGUCGUGGUCACAGCUUGCUGCAGACUCGACCUCCCAGGCUUAAGCAAUCCUCCUGCUCGAGUG
hsa-mir-6516,UGGGUUUUGAAUUUGCAGUAACAGGUGUGAGCAUUCUAGCAGCAGUUUGAUGAUCAUGUAUGAUACUGCAAACAGGACCUA
hsa-mir-6862-2,CGAAGCGGGCAUGCUGGGAGAGACUUUGUGAUUUGUCUCCAAAGCCUCACCCAGCUCUCUGGCCCUCUAG
hsa-mir-6770-2,UAUCCUGAGAAGGCACAGCUUGCACGUGACCUCCUGGGCCUGGCGGCUGUGUCUUCACAG
hsa-mir-6770-3,UAUCCUGAGAAGGCACAGCUUGCACGUGACCUCCUGGGCCUGGCGGCUGUGUCUUCACAG
hsa-mir-6859-2,UGUGGGAGAGGAACAUGGGCUCAGGACAGCGGGUGUCAGCUUGCCUGACCCCCAUGUCGCCUCUGUAG
hsa-mir-6859-3,UGUGGGAGAGGAACAUGGGCUCAGGACAGCGGGUGUCAGCUUGCCUGACCCCCAUGUCGCCUCUGUAG
hsa-mir-6859-4,UGUGGGAGAGGAACAUGGGCUCAGGACAGCGGGUGUCAGCUUGCCUGACCCCCAUGUCGCCUCUGUAG
